Entity,Code,Year,Inbound arrivals (same-night) per 1000 people
Albania,ALB,2007,21.840744
Albania,ALB,2008,28.119484
Albania,ALB,2009,21.838882
Albania,ALB,2010,17.848549
Albania,ALB,2011,23.098192
Albania,ALB,2012,24.548862
Albania,ALB,2013,76.20317
Albania,ALB,2014,44.034534
Albania,ALB,2015,56.201565
Albania,ALB,2016,175.97665
Albania,ALB,2017,101.75869
Albania,ALB,2018,204.03062
Albania,ALB,2019,96.73324
Albania,ALB,2020,18.836004
Albania,ALB,2021,60.9519
American Samoa,ASM,2010,313.4625
American Samoa,ASM,2011,344.16754
American Samoa,ASM,2012,513.79425
American Samoa,ASM,2013,537.5634
American Samoa,ASM,2014,574.33856
American Samoa,ASM,2015,521.49207
American Samoa,ASM,2016,360.62454
American Samoa,ASM,2017,450.6325
American Samoa,ASM,2018,652.2861
American Samoa,ASM,2019,832.2596
Andorra,AND,1999,107727.445
Andorra,AND,2000,121634.7
Andorra,AND,2001,115490.63
Andorra,AND,2002,114579.22
Andorra,AND,2003,114474.695
Andorra,AND,2004,115360.625
Andorra,AND,2005,108096.94
Andorra,AND,2006,106055.51
Andorra,AND,2007,109404.375
Andorra,AND,2008,106923.61
Andorra,AND,2009,98566.58
Andorra,AND,2010,94252.33
Andorra,AND,2011,81332.26
Andorra,AND,2012,79721.266
Andorra,AND,2013,74917.7
Andorra,AND,2014,75833.29
Andorra,AND,2015,72276.56
Andorra,AND,2016,71744.555
Andorra,AND,2017,69719.58
Andorra,AND,2018,70448.06
Andorra,AND,2019,67377.33
Andorra,AND,2020,42908.793
Andorra,AND,2021,43930.33
Anguilla,AIA,1995,7064.935
Anguilla,AIA,1996,4956.504
Anguilla,AIA,1997,6993.696
Anguilla,AIA,1998,6706.2656
Anguilla,AIA,1999,5584.512
Anguilla,AIA,2000,6142.1733
Anguilla,AIA,2001,5014.5156
Anguilla,AIA,2002,5784.3394
Anguilla,AIA,2003,5271.6606
Anguilla,AIA,2004,5603.412
Anguilla,AIA,2005,6667.2153
Anguilla,AIA,2006,7613.1855
Anguilla,AIA,2007,6854.7744
Anguilla,AIA,2008,4704.4062
Anguilla,AIA,2009,4163.454
Anguilla,AIA,2010,4244.997
Anguilla,AIA,2011,4340.343
Anguilla,AIA,2012,4748.127
Anguilla,AIA,2013,5973.6284
Anguilla,AIA,2014,7494.874
Anguilla,AIA,2015,7764.1885
Anguilla,AIA,2016,6535.5073
Anguilla,AIA,2017,5478.7236
Anguilla,AIA,2018,2170.91
Anguilla,AIA,2019,4607.9956
Anguilla,AIA,2020,1005.6367
Anguilla,AIA,2021,19.012611
Antigua and Barbuda,ATG,1995,3317.889
Antigua and Barbuda,ATG,1996,3867.253
Antigua and Barbuda,ATG,1997,4014.9932
Antigua and Barbuda,ATG,1998,4628.8003
Antigua and Barbuda,ATG,1999,4442.458
Antigua and Barbuda,ATG,2000,5688.0244
Antigua and Barbuda,ATG,2001,5365.5527
Antigua and Barbuda,ATG,2002,4014.712
Antigua and Barbuda,ATG,2003,4917.0884
Antigua and Barbuda,ATG,2004,6624.0264
Antigua and Barbuda,ATG,2005,5846.343
Antigua and Barbuda,ATG,2006,7217.986
Antigua and Barbuda,ATG,2007,8203.815
Antigua and Barbuda,ATG,2008,7169.707
Antigua and Barbuda,ATG,2009,8397.795
Antigua and Barbuda,ATG,2010,6510.3257
Antigua and Barbuda,ATG,2011,6991.435
Antigua and Barbuda,ATG,2012,6523.1274
Antigua and Barbuda,ATG,2013,6033.08
Antigua and Barbuda,ATG,2014,5848.6084
Antigua and Barbuda,ATG,2015,7158.8965
Antigua and Barbuda,ATG,2016,6723.7095
Antigua and Barbuda,ATG,2017,8701.568
Antigua and Barbuda,ATG,2018,8674.872
Antigua and Barbuda,ATG,2019,7967.2627
Antigua and Barbuda,ATG,2020,1629.4026
Antigua and Barbuda,ATG,2021,864.53784
Argentina,ARG,2016,75.982
Argentina,ARG,2017,73.840164
Argentina,ARG,2018,77.72395
Argentina,ARG,2019,83.40501
Argentina,ARG,2020,22.359875
Argentina,ARG,2021,3.6000786
Aruba,ABW,1995,3801.7388
Aruba,ABW,1996,3978.2456
Aruba,ABW,1997,3627.6138
Aruba,ABW,1998,3069.9934
Aruba,ABW,1999,3326.5422
Aruba,ABW,2000,5498.3896
Aruba,ABW,2001,5369.231
Aruba,ABW,2002,6340.0073
Aruba,ABW,2003,5845.998
Aruba,ABW,2004,6156.872
Aruba,ABW,2005,5852.1616
Aruba,ABW,2006,6180.651
Aruba,ABW,2007,4979.493
Aruba,ABW,2008,5673.122
Aruba,ABW,2009,6117.533
Aruba,ABW,2010,5679.893
Aruba,ABW,2011,5922.767
Aruba,ABW,2012,5649.8833
Aruba,ABW,2013,6686.688
Aruba,ABW,2014,6437.789
Aruba,ABW,2015,5821.481
Aruba,ABW,2016,6254.171
Aruba,ABW,2017,7514.177
Aruba,ABW,2018,7690.1304
Aruba,ABW,2019,7815.2886
Australia,AUS,1998,18.38545
Australia,AUS,1999,1.8084248
Australia,AUS,2000,1.9455285
Australia,AUS,2001,2.1300752
Australia,AUS,2002,2.2078636
Australia,AUS,2003,1.5229197
Australia,AUS,2004,1.1543252
Australia,AUS,2005,1.2889324
Australia,AUS,2006,1.7100672
Azerbaijan,AZE,2002,30.816538
Azerbaijan,AZE,2003,31.906088
Azerbaijan,AZE,2004,33.893677
Azerbaijan,AZE,2005,55.913403
Azerbaijan,AZE,2006,58.425125
Azerbaijan,AZE,2007,67.692314
Azerbaijan,AZE,2008,95.11431
Azerbaijan,AZE,2009,90.464195
Azerbaijan,AZE,2010,73.94013
Azerbaijan,AZE,2011,72.33665
Azerbaijan,AZE,2012,52.50076
Azerbaijan,AZE,2013,39.419716
Azerbaijan,AZE,2014,14.165645
Azerbaijan,AZE,2015,8.51626
Azerbaijan,AZE,2016,20.448557
Azerbaijan,AZE,2017,24.127323
Azerbaijan,AZE,2018,21.275497
Azerbaijan,AZE,2019,28.731249
Azerbaijan,AZE,2020,20.32095
Bahamas,BHS,1995,5474.5684
Bahamas,BHS,1996,5853.5337
Bahamas,BHS,1997,5893.2954
Bahamas,BHS,1998,5770.267
Bahamas,BHS,1999,6466.177
Bahamas,BHS,2000,8183.784
Bahamas,BHS,2001,8023.929
Bahamas,BHS,2002,8661.288
Bahamas,BHS,2003,9125.419
Bahamas,BHS,2004,10035.0625
Bahamas,BHS,2005,9068.039
Bahamas,BHS,2006,8841.076
Bahamas,BHS,2007,8563.568
Bahamas,BHS,2008,8062.1377
Bahamas,BHS,2009,8990.284
Bahamas,BHS,2010,10386.389
Bahamas,BHS,2011,11199.717
Bahamas,BHS,2012,11801.41
Bahamas,BHS,2013,12378.779
Bahamas,BHS,2014,12530.291
Bahamas,BHS,2015,11754.311
Bahamas,BHS,2016,12035.779
Bahamas,BHS,2017,11738.554
Bahamas,BHS,2018,12415.684
Bahamas,BHS,2019,13456.495
Bahamas,BHS,2020,3331.0535
Bahamas,BHS,2021,2966.2678
Bahrain,BHR,1995,1492.8027
Bahrain,BHR,1996,1243.7516
Bahrain,BHR,1997,1515.3582
Bahrain,BHR,1998,1870.6765
Bahrain,BHR,1999,1821.891
Bahrain,BHR,2000,2036.6971
Bahrain,BHR,2001,2189.622
Bahrain,BHR,2002,2223.612
Bahrain,BHR,2003,2427.2095
Bahrain,BHR,2004,2583.2258
Bahrain,BHR,2005,2659.8577
Bahrain,BHR,2006,2852.7703
Bahrain,BHR,2007,2785.0789
Bahrain,BHR,2015,4188.9443
Bahrain,BHR,2016,4375.4985
Bahrain,BHR,2017,4805.5933
Bahrain,BHR,2018,5162.2153
Bahrain,BHR,2019,4826.679
Bahrain,BHR,2020,732.329
Bahrain,BHR,2021,977.2659
Barbados,BRB,1995,1848.9644
Barbados,BRB,1996,1940.5802
Barbados,BRB,1997,1967.8309
Barbados,BRB,1998,1923.0259
Barbados,BRB,1999,1639.0278
Barbados,BRB,2000,2013.8818
Barbados,BRB,2001,1989.5698
Barbados,BRB,2002,1962.7196
Barbados,BRB,2003,2089.6494
Barbados,BRB,2004,2685.1487
Barbados,BRB,2005,2089.1392
Barbados,BRB,2006,1993.0779
Barbados,BRB,2007,2269.211
Barbados,BRB,2008,2189.6445
Barbados,BRB,2009,2319.2026
Barbados,BRB,2010,2420.6729
Barbados,BRB,2011,2246.816
Barbados,BRB,2012,1871.7845
Barbados,BRB,2013,2058.7056
Barbados,BRB,2014,2010.8036
Barbados,BRB,2015,2110.7896
Barbados,BRB,2016,2135.2185
Barbados,BRB,2017,2439.1206
Barbados,BRB,2018,2416.858
Barbados,BRB,2019,1581.0531
Barbados,BRB,2020,1205.5404
Barbados,BRB,2021,341.38916
Belarus,BLR,2015,18.040104
Belarus,BLR,2016,9.8886385
Belarus,BLR,2017,14.009247
Belarus,BLR,2018,20.421692
Belarus,BLR,2019,23.568398
Belarus,BLR,2020,4.878684
Belarus,BLR,2021,2.8189094
Belize,BLZ,1995,1036.4883
Belize,BLZ,1996,1029.2723
Belize,BLZ,1997,732.29034
Belize,BLZ,1998,551.3145
Belize,BLZ,1999,683.1364
Belize,BLZ,2000,740.37103
Belize,BLZ,2001,761.76196
Belize,BLZ,2002,1929.6875
Belize,BLZ,2003,2946.9028
Belize,BLZ,2004,4034.673
Belize,BLZ,2005,2853.2095
Belize,BLZ,2006,2271.901
Belize,BLZ,2007,2116.548
Belize,BLZ,2008,1966.0634
Belize,BLZ,2009,2256.6826
Belize,BLZ,2010,2520.8389
Belize,BLZ,2011,2597.513
Belize,BLZ,2012,2228.0437
Belize,BLZ,2013,2112.012
Belize,BLZ,2014,2747.323
Belize,BLZ,2015,2661.9688
Belize,BLZ,2016,2735.982
Belize,BLZ,2017,2706.1504
Belize,BLZ,2018,3161.6746
Belize,BLZ,2019,3009.4858
Belize,BLZ,2020,868.75934
Belize,BLZ,2021,544.9496
Benin,BEN,2011,1.1309444
Benin,BEN,2012,1.1983119
Benin,BEN,2013,2.0371084
Benin,BEN,2014,2.166777
Benin,BEN,2015,2.195231
Benin,BEN,2016,2.2202308
Benin,BEN,2017,2.2420006
Benin,BEN,2018,2.2611763
Benin,BEN,2019,2.278193
Benin,BEN,2020,2.2937374
Bermuda,BMU,1995,2857.8152
Bermuda,BMU,1996,3040.58
Bermuda,BMU,1997,3020.8472
Bermuda,BMU,1998,3101.082
Bermuda,BMU,1999,3180.1194
Bermuda,BMU,2000,3371.8848
Bermuda,BMU,2001,2913.3284
Bermuda,BMU,2002,3217.7102
Bermuda,BMU,2003,3616.5786
Bermuda,BMU,2004,3282.3977
Bermuda,BMU,2005,3921.88
Bermuda,BMU,2006,5325.2188
Bermuda,BMU,2007,5602.95
Bermuda,BMU,2008,4519.8096
Bermuda,BMU,2009,5017.7515
Bermuda,BMU,2010,5483.251
Bermuda,BMU,2011,6545.6147
Bermuda,BMU,2012,5945.1724
Bermuda,BMU,2013,5352.055
Bermuda,BMU,2014,5617.357
Bermuda,BMU,2015,5968.495
Bermuda,BMU,2016,6308.448
Bermuda,BMU,2017,6603.997
Bermuda,BMU,2018,7611.14
Bermuda,BMU,2019,8396.911
Bermuda,BMU,2020,145.1968
Bermuda,BMU,2021,196.22195
Botswana,BWA,1995,74.49918
Botswana,BWA,1996,91.013954
Botswana,BWA,1997,97.569534
Botswana,BWA,1998,114.7546
Botswana,BWA,1999,115.86931
Botswana,BWA,2000,116.96638
Botswana,BWA,2001,145.86195
Botswana,BWA,2002,117.53977
Botswana,BWA,2003,102.36109
Botswana,BWA,2004,109.731285
Botswana,BWA,2005,110.94563
Botswana,BWA,2006,111.99172
Botswana,BWA,2007,116.42213
Botswana,BWA,2008,121.05681
Botswana,BWA,2015,57.262413
Botswana,BWA,2016,58.663017
Botswana,BWA,2017,63.284603
Botswana,BWA,2018,71.79539
Botswana,BWA,2020,11.6635065
British Virgin Islands,VGB,1995,8251.851
British Virgin Islands,VGB,1996,9259.259
British Virgin Islands,VGB,1997,6501.881
British Virgin Islands,VGB,1998,5915.9204
British Virgin Islands,VGB,1999,10198.878
British Virgin Islands,VGB,2000,12272.682
British Virgin Islands,VGB,2001,11554.267
British Virgin Islands,VGB,2002,12295.852
British Virgin Islands,VGB,2003,15269.951
British Virgin Islands,VGB,2004,22383.465
British Virgin Islands,VGB,2005,20533.969
British Virgin Islands,VGB,2006,19265.527
British Virgin Islands,VGB,2007,23398.771
British Virgin Islands,VGB,2008,22495.123
British Virgin Islands,VGB,2009,20246.057
British Virgin Islands,VGB,2010,18565.523
British Virgin Islands,VGB,2011,17617.209
British Virgin Islands,VGB,2012,14135.021
British Virgin Islands,VGB,2013,13098.351
British Virgin Islands,VGB,2014,13327.586
British Virgin Islands,VGB,2015,17996.87
British Virgin Islands,VGB,2016,24090.312
British Virgin Islands,VGB,2019,19343.148
Brunei,BRN,2016,58.685307
Brunei,BRN,2017,25.564154
Brunei,BRN,2018,43.750275
Brunei,BRN,2019,34.242043
Brunei,BRN,2020,3.3956933
Bulgaria,BGR,1995,535.412
Bulgaria,BGR,1996,478.0166
Bulgaria,BGR,1997,548.50574
Bulgaria,BGR,1998,312.44937
Bulgaria,BGR,1999,316.5775
Bulgaria,BGR,2000,263.90228
Bulgaria,BGR,2001,238.70973
Bulgaria,BGR,2002,267.09122
Bulgaria,BGR,2003,276.9728
Bulgaria,BGR,2004,299.03445
Bulgaria,BGR,2005,312.85104
Bulgaria,BGR,2006,301.44064
Bulgaria,BGR,2007,333.46136
Bulgaria,BGR,2008,358.70117
Bulgaria,BGR,2009,279.51193
Bulgaria,BGR,2010,306.4959
Bulgaria,BGR,2011,316.18182
Bulgaria,BGR,2012,310.61594
Bulgaria,BGR,2013,308.69974
Bulgaria,BGR,2014,284.58487
Bulgaria,BGR,2015,303.4509
Bulgaria,BGR,2016,324.5937
Bulgaria,BGR,2017,377.72733
Bulgaria,BGR,2018,434.84833
Bulgaria,BGR,2019,677.345
Bulgaria,BGR,2020,527.71234
Bulgaria,BGR,2021,709.8601
Cameroon,CMR,2008,0.37279487
Cameroon,CMR,2009,0.15528533
Cameroon,CMR,2010,0.20122704
Cameroon,CMR,2011,0.19560973
Cameroon,CMR,2012,0.23772524
Canada,CAN,1995,844.1612
Canada,CAN,1996,877.5808
Canada,CAN,1997,917.1511
Canada,CAN,1998,968.4584
Canada,CAN,1999,975.1388
Canada,CAN,2000,945.49756
Canada,CAN,2001,885.9854
Canada,CAN,2002,793.01074
Canada,CAN,2003,675.81805
Canada,CAN,2004,617.32904
Canada,CAN,2005,539.7643
Canada,CAN,2006,464.92877
Canada,CAN,2007,378.4866
Canada,CAN,2008,307.90033
Canada,CAN,2009,266.68515
Canada,CAN,2010,276.82727
Canada,CAN,2011,263.66748
Canada,CAN,2012,258.67728
Canada,CAN,2013,259.75586
Canada,CAN,2014,254.79729
Canada,CAN,2015,268.05014
Canada,CAN,2016,281.6396
Canada,CAN,2017,278.9819
Canada,CAN,2018,273.79312
Canada,CAN,2019,274.07495
Canada,CAN,2020,55.636635
Canada,CAN,2021,31.972208
Cayman Islands,CYM,1995,20808.58
Cayman Islands,CYM,1996,23380.875
Cayman Islands,CYM,1997,24351.88
Cayman Islands,CYM,1998,23560.28
Cayman Islands,CYM,1999,27036.195
Cayman Islands,CYM,2000,25980.898
Cayman Islands,CYM,2001,29581.477
Cayman Islands,CYM,2002,37076.27
Cayman Islands,CYM,2003,41453.02
Cayman Islands,CYM,2004,37363.996
Cayman Islands,CYM,2005,38481.285
Cayman Islands,CYM,2006,40042.324
Cayman Islands,CYM,2007,34550.8
Cayman Islands,CYM,2008,30367.62
Cayman Islands,CYM,2009,28886.355
Cayman Islands,CYM,2010,29540.623
Cayman Islands,CYM,2011,25237.332
Cayman Islands,CYM,2012,26492.512
Cayman Islands,CYM,2013,23629.62
Cayman Islands,CYM,2014,27022.49
Cayman Islands,CYM,2015,28177.566
Cayman Islands,CYM,2016,27491.408
Cayman Islands,CYM,2017,27169.385
Cayman Islands,CYM,2018,29597.559
Cayman Islands,CYM,2019,27678.68
Cayman Islands,CYM,2020,7990.8506
Chile,CHL,2001,50.309288
Chile,CHL,2002,51.10299
Chile,CHL,2003,55.236378
Chile,CHL,2004,63.616066
Chile,CHL,2005,59.287872
Chile,CHL,2006,58.58739
Chile,CHL,2007,44.921227
Chile,CHL,2008,60.198795
Chile,CHL,2009,53.28676
Chile,CHL,2010,46.10635
Chile,CHL,2011,48.097168
Chile,CHL,2012,48.610954
Chile,CHL,2013,50.31432
Chile,CHL,2014,52.35452
Chile,CHL,2015,56.46296
Chile,CHL,2016,59.279312
Chile,CHL,2017,63.750156
Chile,CHL,2018,47.05517
Chile,CHL,2019,47.95298
Chile,CHL,2020,9.916935
Chile,CHL,2021,0.07694998
Colombia,COL,1995,0.9452294
Colombia,COL,1996,3.2757728
Colombia,COL,1997,3.1910374
Colombia,COL,1998,3.9267964
Colombia,COL,1999,4.639104
Colombia,COL,2000,3.8250537
Colombia,COL,2001,4.317499
Colombia,COL,2002,2.3236237
Colombia,COL,2003,1.0473069
Colombia,COL,2004,1.1765194
Colombia,COL,2005,1.1368765
Colombia,COL,2006,1.1923435
Colombia,COL,2007,2.932579
Colombia,COL,2008,5.20366
Colombia,COL,2009,6.4313884
Colombia,COL,2010,6.6047688
Colombia,COL,2011,6.908136
Colombia,COL,2012,5.5479813
Colombia,COL,2013,6.6395707
Colombia,COL,2014,6.726946
Colombia,COL,2015,5.772529
Colombia,COL,2016,6.4250674
Colombia,COL,2017,7.1352243
Colombia,COL,2018,7.6709266
Colombia,COL,2019,7.212965
Colombia,COL,2020,2.6310284
Colombia,COL,2021,0.36881346
Congo,COG,2010,1.1266633
Congo,COG,2011,1.3088368
Congo,COG,2012,0.63650215
Congo,COG,2013,0.41424394
Congo,COG,2014,0.60669
Congo,COG,2015,0.7898286
Congo,COG,2016,0.38559198
Congo,COG,2017,0.37648144
Congo,COG,2018,0.36757538
Costa Rica,CRI,1995,38.90446
Costa Rica,CRI,1996,43.48736
Costa Rica,CRI,1997,53.75158
Costa Rica,CRI,1998,58.616833
Costa Rica,CRI,1999,60.23431
Costa Rica,CRI,2000,47.748425
Costa Rica,CRI,2001,46.62956
Costa Rica,CRI,2002,53.849148
Costa Rica,CRI,2003,65.65425
Costa Rica,CRI,2004,74.774216
Costa Rica,CRI,2005,64.87648
Costa Rica,CRI,2006,79.02845
Costa Rica,CRI,2007,72.52215
Costa Rica,CRI,2008,71.080765
Costa Rica,CRI,2009,84.59104
Costa Rica,CRI,2010,85.456215
Costa Rica,CRI,2011,71.36864
Costa Rica,CRI,2012,42.01332
Costa Rica,CRI,2013,44.45334
Costa Rica,CRI,2014,48.097836
Costa Rica,CRI,2015,48.82293
Costa Rica,CRI,2016,56.41829
Costa Rica,CRI,2017,54.266758
Costa Rica,CRI,2018,58.72156
Costa Rica,CRI,2019,44.645252
Costa Rica,CRI,2020,26.273119
Costa Rica,CRI,2021,5.432717
Cuba,CUB,1995,0.2745566
Cuba,CUB,1996,0.45607805
Cuba,CUB,1997,1.5457174
Cuba,CUB,1998,2.3564038
Cuba,CUB,1999,3.794006
Cuba,CUB,2000,2.9714205
Cuba,CUB,2001,3.501171
Cuba,CUB,2002,2.6857524
Cuba,CUB,2003,5.2682266
Cuba,CUB,2004,2.8507044
Cuba,CUB,2005,5.1573377
Cuba,CUB,2006,6.30515
Cuba,CUB,2007,2.9281564
Cuba,CUB,2008,2.837733
Cuba,CUB,2009,2.2156866
Cuba,CUB,2010,2.2142665
Cuba,CUB,2011,2.4781582
Cuba,CUB,2012,2.1221488
Cuba,CUB,2013,2.031518
Cuba,CUB,2014,2.9120996
Cuba,CUB,2015,2.998266
Cuba,CUB,2016,2.9977045
Curacao,CUW,1995,1142.068
Curacao,CUW,1996,1161.4246
Curacao,CUW,1997,1474.5854
Curacao,CUW,1998,1645.2803
Curacao,CUW,1999,1640.3512
Curacao,CUW,2000,2276.6963
Curacao,CUW,2001,2232.603
Curacao,CUW,2002,2312.6865
Curacao,CUW,2003,1998.3091
Curacao,CUW,2004,1578.3307
Curacao,CUW,2005,1955.5254
Curacao,CUW,2006,2258.2866
Curacao,CUW,2007,2392.6118
Curacao,CUW,2008,2354.4937
Curacao,CUW,2009,2808.5952
Curacao,CUW,2010,2635.013
Curacao,CUW,2011,2764.7034
Curacao,CUW,2012,2970.2366
Curacao,CUW,2013,3791.8
Curacao,CUW,2014,4028.9465
Curacao,CUW,2015,3561.5728
Curacao,CUW,2016,2939.9363
Curacao,CUW,2017,3841.6023
Curacao,CUW,2018,4211.461
Curacao,CUW,2019,4292.69
Curacao,CUW,2020,1378.7784
Curacao,CUW,2021,805.8924
Cyprus,CYP,1995,177.40796
Cyprus,CYP,1996,157.94305
Cyprus,CYP,1997,118.10901
Cyprus,CYP,1998,146.5014
Cyprus,CYP,1999,153.49738
Cyprus,CYP,2000,238.33679
Cyprus,CYP,2001,149.24785
Cyprus,CYP,2002,78.39528
Cyprus,CYP,2003,112.9599
Cyprus,CYP,2004,126.63348
Cyprus,CYP,2005,180.3157
Cyprus,CYP,2006,216.02263
Cyprus,CYP,2007,237.45781
Cyprus,CYP,2008,207.79897
Cyprus,CYP,2009,206.12451
Cyprus,CYP,2010,245.19936
Cyprus,CYP,2011,204.35075
Cyprus,CYP,2012,146.98813
Cyprus,CYP,2013,189.37901
Cyprus,CYP,2014,124.89412
Cyprus,CYP,2015,101.9131
Cyprus,CYP,2016,83.48019
Cyprus,CYP,2017,81.090454
Cyprus,CYP,2018,69.738785
Cyprus,CYP,2019,113.92858
Czechia,CZE,2003,1216.5254
Czechia,CZE,2004,1438.5533
Czechia,CZE,2005,1492.4921
Czechia,CZE,2006,1510.3608
Czechia,CZE,2007,1282.1838
Czechia,CZE,2008,1202.1869
Czechia,CZE,2009,1385.3073
Czechia,CZE,2010,1272.0801
Czechia,CZE,2011,1313.9769
Czechia,CZE,2012,1486.719
Czechia,CZE,2013,1524.7448
Czechia,CZE,2014,1570.5734
Czechia,CZE,2015,1708.9833
Czechia,CZE,2016,1872.3195
Czechia,CZE,2017,1997.4713
Czechia,CZE,2018,2087.0183
Czechia,CZE,2019,2140.198
Czechia,CZE,2020,602.7281
Democratic Republic of Congo,COD,1995,1.1551136
Democratic Republic of Congo,COD,1999,0.42348444
Democratic Republic of Congo,COD,2000,0.41138443
Democratic Republic of Congo,COD,2001,0.39914852
Democratic Republic of Congo,COD,2002,0.38713115
Democratic Republic of Congo,COD,2003,0.3759
Democratic Republic of Congo,COD,2011,0.1602231
Denmark,DNK,2003,3269.7998
Denmark,DNK,2004,3255.9744
Denmark,DNK,2005,3264.896
Denmark,DNK,2006,3239.363
Denmark,DNK,2007,3258.1946
Denmark,DNK,2008,3244.5583
Denmark,DNK,2009,3261.4036
Denmark,DNK,2010,3240.2244
Denmark,DNK,2011,3218.6062
Denmark,DNK,2012,3206.4175
Denmark,DNK,2013,3192.488
Denmark,DNK,2014,3150.6086
Denmark,DNK,2015,3132.378
Denmark,DNK,2016,3138.5056
Denmark,DNK,2017,3191.4045
Denmark,DNK,2018,3130.3926
Denmark,DNK,2019,3164.3174
Denmark,DNK,2020,1682.5625
Denmark,DNK,2021,1847.7188
Dominica,DMA,1995,2065.7576
Dominica,DMA,1996,2862.016
Dominica,DMA,1997,3386.5925
Dominica,DMA,1998,3567.4407
Dominica,DMA,1999,2997.977
Dominica,DMA,2000,3539.823
Dominica,DMA,2001,3080.4888
Dominica,DMA,2002,2035.7054
Dominica,DMA,2003,2643.9956
Dominica,DMA,2004,5642.1396
Dominica,DMA,2005,4411.3794
Dominica,DMA,2006,5540.9316
Dominica,DMA,2007,5175.246
Dominica,DMA,2008,5625.4907
Dominica,DMA,2009,7746.5303
Dominica,DMA,2010,7546.3467
Dominica,DMA,2011,4973.967
Dominica,DMA,2012,3903.7556
Dominica,DMA,2013,3384.7092
Dominica,DMA,2014,4164.9854
Dominica,DMA,2015,4041.2983
Dominica,DMA,2016,3965.8765
Dominica,DMA,2017,2243.617
Dominica,DMA,2018,1919.8193
Dominica,DMA,2019,3247.2078
Dominica,DMA,2020,1638.6385
Dominica,DMA,2021,704.0795
Dominican Republic,DOM,1995,3.8120632
Dominican Republic,DOM,1996,13.853674
Dominican Republic,DOM,1997,33.251217
Dominican Republic,DOM,1998,47.45159
Dominican Republic,DOM,1999,33.644894
Dominican Republic,DOM,2000,21.42659
Dominican Republic,DOM,2001,23.993435
Dominican Republic,DOM,2002,28.083807
Dominican Republic,DOM,2003,44.61955
Dominican Republic,DOM,2004,50.535572
Dominican Republic,DOM,2005,31.64291
Dominican Republic,DOM,2006,32.6362
Dominican Republic,DOM,2007,40.947823
Dominican Republic,DOM,2008,49.879482
Dominican Republic,DOM,2009,51.51294
Dominican Republic,DOM,2010,36.109737
Dominican Republic,DOM,2011,35.13823
Dominican Republic,DOM,2012,33.69593
Dominican Republic,DOM,2013,41.74439
Dominican Republic,DOM,2014,42.306465
Dominican Republic,DOM,2015,50.836876
Dominican Republic,DOM,2016,76.8457
Dominican Republic,DOM,2017,104.06446
Dominican Republic,DOM,2018,91.21704
Dominican Republic,DOM,2019,101.453
Dominican Republic,DOM,2020,31.18276
Dominican Republic,DOM,2021,29.951773
Egypt,EGY,1995,4.0831017
Egypt,EGY,1996,5.612734
Egypt,EGY,1997,4.5526648
Egypt,EGY,1998,3.5210235
Egypt,EGY,1999,4.391493
Egypt,EGY,2000,5.464376
Egypt,EGY,2001,3.9942758
Egypt,EGY,2002,3.8444085
Egypt,EGY,2003,3.9229455
Egypt,EGY,2004,3.9859436
Egypt,EGY,2005,4.5905604
Egypt,EGY,2006,5.4198413
Egypt,EGY,2007,5.8502464
Egypt,EGY,2008,6.440472
Egypt,EGY,2009,7.274763
Egypt,EGY,2010,7.7934804
Egypt,EGY,2011,3.9013429
Egypt,EGY,2012,3.6825798
Egypt,EGY,2013,3.10566
Egypt,EGY,2014,2.608996
Egypt,EGY,2015,1.9340224
Egypt,EGY,2016,1.4130517
Egypt,EGY,2017,1.3360922
Egypt,EGY,2018,1.4459118
Egypt,EGY,2019,1.4296714
El Salvador,SLV,2000,12.083614
El Salvador,SLV,2001,11.52285
El Salvador,SLV,2002,14.472796
El Salvador,SLV,2003,12.942076
El Salvador,SLV,2004,13.08889
El Salvador,SLV,2005,29.646477
El Salvador,SLV,2006,36.788837
El Salvador,SLV,2007,63.03637
El Salvador,SLV,2008,80.750046
El Salvador,SLV,2009,64.19116
El Salvador,SLV,2010,74.58245
El Salvador,SLV,2011,73.3215
El Salvador,SLV,2012,78.39264
El Salvador,SLV,2013,87.13729
El Salvador,SLV,2014,87.124176
El Salvador,SLV,2015,91.63752
El Salvador,SLV,2016,98.87189
El Salvador,SLV,2017,110.26606
El Salvador,SLV,2018,136.76761
El Salvador,SLV,2019,139.00783
El Salvador,SLV,2020,34.484215
El Salvador,SLV,2021,34.367172
Estonia,EST,1995,1087.5723
Estonia,EST,1996,1240.0065
Estonia,EST,1997,1328.8864
Estonia,EST,1998,1476.8086
Estonia,EST,1999,1589.6042
Estonia,EST,2000,1496.1904
Estonia,EST,2001,1376.0807
Estonia,EST,2002,1371.044
Estonia,EST,2003,1397.8636
Estonia,EST,2004,209.176
Estonia,EST,2005,226.6243
Estonia,EST,2006,232.41809
Estonia,EST,2007,220.05466
Estonia,EST,2008,1201.185
Estonia,EST,2009,1239.3625
Estonia,EST,2010,1395.3821
Estonia,EST,2011,1569.9451
Estonia,EST,2012,1549.8812
Estonia,EST,2013,1992.4354
Estonia,EST,2014,2011.3638
Estonia,EST,2015,2080.389
Estonia,EST,2016,2136.135
Estonia,EST,2017,2201.814
Estonia,EST,2018,2123.0635
Estonia,EST,2019,2084.3396
Estonia,EST,2020,506.22476
Estonia,EST,2021,377.81177
Eswatini,SWZ,2005,321.8599
Eswatini,SWZ,2006,303.41074
Eswatini,SWZ,2007,333.0212
Eswatini,SWZ,2008,394.53705
Eswatini,SWZ,2009,398.21353
Eswatini,SWZ,2010,431.84723
Eswatini,SWZ,2011,406.19553
Eswatini,SWZ,2012,350.89203
Eswatini,SWZ,2013,295.9773
Eswatini,SWZ,2014,342.84537
Eswatini,SWZ,2015,337.76007
Eswatini,SWZ,2016,290.58344
Eswatini,SWZ,2017,366.5113
Eswatini,SWZ,2018,426.9969
Eswatini,SWZ,2019,466.81827
Eswatini,SWZ,2020,128.40244
Eswatini,SWZ,2021,33.884857
Fiji,FJI,1995,199.43275
Fiji,FJI,1996,243.55275
Fiji,FJI,1997,233.66374
Fiji,FJI,1998,157.25511
Fiji,FJI,1999,162.73354
Fiji,FJI,2000,168.16493
Fiji,FJI,2001,116.48307
Fiji,FJI,2002,74.12663
Fiji,FJI,2003,23.301712
Fiji,FJI,2004,10.384228
Fiji,FJI,2005,2.2858999
Fiji,FJI,2007,2.2455385
Fiji,FJI,2008,46.836945
Fiji,FJI,2009,69.89206
Fiji,FJI,2010,66.28545
Fiji,FJI,2011,64.95229
Fiji,FJI,2012,87.80913
Fiji,FJI,2013,119.87297
Fiji,FJI,2014,95.677475
Fiji,FJI,2015,124.2901
Fiji,FJI,2016,186.19926
Fiji,FJI,2017,200.21283
Fiji,FJI,2018,204.56973
Fiji,FJI,2019,81.657364
Fiji,FJI,2020,23.141357
Finland,FIN,1998,152.90437
Finland,FIN,1999,175.97522
Finland,FIN,2000,207.68098
Finland,FIN,2001,274.86472
Finland,FIN,2002,348.42215
Finland,FIN,2003,369.4616
Finland,FIN,2004,385.2228
Finland,FIN,2005,361.79465
Finland,FIN,2006,374.0803
Finland,FIN,2007,419.1961
Finland,FIN,2008,468.442
Finland,FIN,2009,425.56277
Finland,FIN,2010,468.37018
Finland,FIN,2011,569.3952
Finland,FIN,2012,629.86426
France,FRA,1996,1489.9733
France,FRA,1997,1572.6313
France,FRA,2004,1927.3335
France,FRA,2005,1831.7775
France,FRA,2006,1903.605
France,FRA,2007,1833.803
France,FRA,2008,1852.7405
France,FRA,2009,1861.795
France,FRA,2010,1812.4716
France,FRA,2011,1849.3906
France,FRA,2012,1831.9393
France,FRA,2013,1906.9338
France,FRA,2014,1932.7081
France,FRA,2015,1862.5831
France,FRA,2016,1880.9388
France,FRA,2017,1878.8324
France,FRA,2018,1908.528
France,FRA,2019,1971.4825
France,FRA,2020,1169.7261
France,FRA,2021,1439.6392
French Guiana,GUF,2005,8.446323
French Polynesia,PYF,1995,60.487183
French Polynesia,PYF,1996,85.03401
French Polynesia,PYF,1997,87.84883
French Polynesia,PYF,1998,90.57523
French Polynesia,PYF,1999,101.28346
French Polynesia,PYF,2007,89.86729
French Polynesia,PYF,2008,110.49094
French Polynesia,PYF,2009,106.272934
French Polynesia,PYF,2010,88.09176
French Polynesia,PYF,2011,115.67786
French Polynesia,PYF,2012,143.06102
French Polynesia,PYF,2013,173.5888
French Polynesia,PYF,2014,165.58575
French Polynesia,PYF,2015,188.48785
French Polynesia,PYF,2016,166.92102
French Polynesia,PYF,2017,186.15292
French Polynesia,PYF,2018,158.93016
French Polynesia,PYF,2019,210.18916
French Polynesia,PYF,2020,41.068443
Gabon,GAB,1995,66.847244
Gabon,GAB,1996,60.83772
Gabon,GAB,1997,63.56918
Gabon,GAB,1998,59.51205
Gabon,GAB,1999,61.251892
Gabon,GAB,2000,54.990765
Gabon,GAB,2001,49.747704
Gabon,GAB,2002,44.71952
Gabon,GAB,2003,8.705708
Gabon,GAB,2004,75.505516
Gabon,GAB,2005,176.22511
Georgia,GEO,2010,251.50945
Georgia,GEO,2011,230.00433
Georgia,GEO,2012,432.6617
Georgia,GEO,2013,546.74756
Georgia,GEO,2014,547.13116
Georgia,GEO,2015,595.0463
Georgia,GEO,2016,555.8042
Georgia,GEO,2017,639.86255
Georgia,GEO,2018,648.40686
Georgia,GEO,2019,701.5196
Georgia,GEO,2020,113.12001
Georgia,GEO,2021,38.318417
Greece,GRC,1995,54.250923
Greece,GRC,1996,50.81541
Greece,GRC,1997,47.630985
Greece,GRC,1998,40.95261
Greece,GRC,1999,40.204254
Greece,GRC,2000,42.760937
Greece,GRC,2001,56.086506
Greece,GRC,2002,66.50674
Greece,GRC,2003,73.35411
Greece,GRC,2004,85.91924
Greece,GRC,2005,105.54778
Greece,GRC,2006,112.100586
Greece,GRC,2013,200.83374
Greece,GRC,2014,206.11302
Greece,GRC,2015,232.7272
Greece,GRC,2016,304.28638
Greece,GRC,2017,277.4912
Greece,GRC,2018,277.33694
Greece,GRC,2019,251.20044
Greece,GRC,2020,2.9869964
Greece,GRC,2021,51.793293
Grenada,GRD,1995,2507.807
Grenada,GRD,1996,2651.1033
Grenada,GRD,1997,2434.5652
Grenada,GRD,1998,2598.5276
Grenada,GRD,1999,2377.3645
Grenada,GRD,2000,1740.4739
Grenada,GRD,2001,1426.6525
Grenada,GRD,2002,1284.112
Grenada,GRD,2003,1397.7012
Grenada,GRD,2004,2154.6804
Grenada,GRD,2005,2548.3367
Grenada,GRD,2006,2017.9089
Grenada,GRD,2007,2461.0703
Grenada,GRD,2008,2648.9595
Grenada,GRD,2009,3054.918
Grenada,GRD,2010,2937.1023
Grenada,GRD,2011,2853.8367
Grenada,GRD,2012,2113.3442
Grenada,GRD,2013,1701.5237
Grenada,GRD,2014,2008.7129
Grenada,GRD,2015,2369.8674
Grenada,GRD,2016,2650.5964
Grenada,GRD,2017,2480.692
Grenada,GRD,2018,2814.8672
Grenada,GRD,2019,2753.8557
Grenada,GRD,2020,1313.9595
Grenada,GRD,2021,200.60341
Guadeloupe,GLP,1995,1012.2118
Guadeloupe,GLP,1996,1462.0582
Guadeloupe,GLP,1997,1114.1982
Guadeloupe,GLP,1998,785.899
Guadeloupe,GLP,1999,688.18274
Guadeloupe,GLP,2000,924.38007
Guadeloupe,GLP,2001,565.05493
Guadeloupe,GLP,2002,354.38235
Guadeloupe,GLP,2003,314.4289
Guadeloupe,GLP,2004,254.50772
Guadeloupe,GLP,2005,181.03183
Guadeloupe,GLP,2006,179.58067
Guadeloupe,GLP,2007,229.07225
Guadeloupe,GLP,2008,285.9992
Guadeloupe,GLP,2009,275.64764
Guadeloupe,GLP,2010,260.49872
Guadeloupe,GLP,2011,253.00568
Guadeloupe,GLP,2012,401.99707
Guadeloupe,GLP,2013,392.69196
Guadeloupe,GLP,2014,583.7508
Guadeloupe,GLP,2015,776.75934
Guadeloupe,GLP,2016,693.7096
Guadeloupe,GLP,2017,805.99054
Guadeloupe,GLP,2018,1087.634
Guatemala,GTM,2004,0.85586905
Guatemala,GTM,2005,1.3706121
Guatemala,GTM,2006,2.6095252
Guatemala,GTM,2007,13.068928
Guatemala,GTM,2008,13.448311
Guatemala,GTM,2009,17.95305
Guatemala,GTM,2010,18.152906
Guatemala,GTM,2011,18.53917
Guatemala,GTM,2012,19.235464
Guatemala,GTM,2013,18.868338
Guatemala,GTM,2014,23.41899
Guatemala,GTM,2015,24.498308
Guatemala,GTM,2016,19.704126
Guatemala,GTM,2017,27.384506
Guatemala,GTM,2018,37.091602
Guatemala,GTM,2019,47.187187
Guatemala,GTM,2020,11.421024
Guatemala,GTM,2021,3.6289325
Haiti,HTI,1995,29.499222
Haiti,HTI,1996,32.17254
Haiti,HTI,1997,30.068815
Haiti,HTI,1998,30.517681
Haiti,HTI,1999,29.601862
Haiti,HTI,2000,36.482277
Haiti,HTI,2001,41.94213
Haiti,HTI,2002,39.484867
Haiti,HTI,2003,43.34876
Haiti,HTI,2004,32.249084
Haiti,HTI,2005,40.38674
Haiti,HTI,2006,48.56311
Haiti,HTI,2007,51.163208
Haiti,HTI,2008,52.217953
Haiti,HTI,2009,45.115196
Haiti,HTI,2010,54.658783
Haiti,HTI,2011,59.973972
Haiti,HTI,2012,60.34501
Haiti,HTI,2013,62.760662
Haiti,HTI,2014,63.614372
Haiti,HTI,2015,63.80303
Haiti,HTI,2016,66.08272
Haiti,HTI,2017,73.18053
Haiti,HTI,2018,80.363754
Haiti,HTI,2019,58.42063
Haiti,HTI,2020,10.524636
Haiti,HTI,2021,0
Honduras,HND,1996,1.3385643
Honduras,HND,1997,0.48827195
Honduras,HND,1998,0.4755459
Honduras,HND,1999,8.799868
Honduras,HND,2000,32.748825
Honduras,HND,2001,22.521664
Honduras,HND,2002,34.04601
Honduras,HND,2003,38.32331
Honduras,HND,2004,52.143944
Honduras,HND,2005,58.826523
Honduras,HND,2006,51.38664
Honduras,HND,2007,63.726723
Honduras,HND,2008,85.536804
Honduras,HND,2009,91.09241
Honduras,HND,2010,130.51808
Honduras,HND,2011,113.656
Honduras,HND,2012,114.75859
Honduras,HND,2013,110.929405
Honduras,HND,2014,132.99954
Honduras,HND,2015,130.39955
Honduras,HND,2016,146.92207
Honduras,HND,2017,134.41579
Honduras,HND,2018,150.82426
Honduras,HND,2019,159.65727
Honduras,HND,2020,45.940617
Honduras,HND,2021,35.706135
Hong Kong,HKG,1995,0.8007868
Hong Kong,HKG,1996,1.1052434
Hong Kong,HKG,1997,1.2419959
Hong Kong,HKG,1998,461.80515
Hong Kong,HKG,1999,525.7485
Hong Kong,HKG,2000,630.7944
Hong Kong,HKG,2001,712.63293
Hong Kong,HKG,2002,858.24664
Hong Kong,HKG,2003,851.09
Hong Kong,HKG,2004,1179.2949
Hong Kong,HKG,2005,1237.7336
Hong Kong,HKG,2006,1354.7683
Hong Kong,HKG,2007,1573.2451
Hong Kong,HKG,2008,1728.4874
Hong Kong,HKG,2009,1785.1605
Hong Kong,HKG,2010,2235.5613
Hong Kong,HKG,2011,2732.2632
Hong Kong,HKG,2012,3434.4465
Hong Kong,HKG,2013,3924.7234
Hong Kong,HKG,2014,4497.7676
Hong Kong,HKG,2015,4408.4707
Hong Kong,HKG,2016,4048.185
Hong Kong,HKG,2017,4099.4395
Hong Kong,HKG,2018,4796.4575
Hong Kong,HKG,2019,4290.2188
Hong Kong,HKG,2020,294.62915
Hong Kong,HKG,2021,0.26685953
Hungary,HUN,2004,2151.865
Hungary,HUN,2005,2600.2793
Hungary,HUN,2006,2889.412
Hungary,HUN,2007,3061.4956
Hungary,HUN,2008,3066.7905
Hungary,HUN,2009,3153.7937
Hungary,HUN,2010,3043.4075
Hungary,HUN,2011,3119.9868
Hungary,HUN,2012,3347.2642
Hungary,HUN,2013,3333.8262
Hungary,HUN,2014,3429.7043
Hungary,HUN,2015,3456.7388
Hungary,HUN,2016,3834.3958
Hungary,HUN,2017,4002.0676
Hungary,HUN,2018,4103.265
Hungary,HUN,2019,4549.8276
Hungary,HUN,2020,2484.3674
Hungary,HUN,2021,2961.7961
Iceland,ISL,1995,78.44924
Iceland,ISL,1996,81.741844
Iceland,ISL,1997,77.387115
Iceland,ISL,1998,83.85224
Iceland,ISL,1999,64.83356
Iceland,ISL,2000,88.819725
Iceland,ISL,2001,98.16123
Iceland,ISL,2002,104.23942
Iceland,ISL,2003,106.96811
Iceland,ISL,2004,153.91772
Iceland,ISL,2005,185.16212
Iceland,ISL,2006,180.86989
Iceland,ISL,2007,173.15518
Iceland,ISL,2008,185.69693
Iceland,ISL,2009,216.43053
Iceland,ISL,2010,219.88654
Iceland,ISL,2011,197.30167
Iceland,ISL,2012,286.61508
Iceland,ISL,2013,285.1535
Iceland,ISL,2014,319.85352
Iceland,ISL,2015,302.05276
Iceland,ISL,2016,294.92636
Iceland,ISL,2017,372.48175
Iceland,ISL,2018,409.97192
Iceland,ISL,2019,523.8548
Iceland,ISL,2020,3.5453062
Iceland,ISL,2021,51.304485
India,IND,1995,0.019703839
India,IND,1996,0.02034006
India,IND,1997,0.020951074
India,IND,1998,0.02251735
India,IND,1999,0.024987986
India,IND,2000,0.026424227
India,IND,2001,0.05004769
India,IND,2002,0.040061437
India,IND,2003,0.04295628
India,IND,2004,0.04840422
India,IND,2005,0.10306254
India,IND,2006,0.15268168
India,IND,2007,0.13616972
India,IND,2008,0.07458142
India,IND,2009,0.10378868
India,IND,2010,0.08463553
India,IND,2019,0.11568116
India,IND,2020,0.032942157
India,IND,2021,0.014919394
Indonesia,IDN,2015,1.7136772
Indonesia,IDN,2016,1.7070831
Indonesia,IDN,2017,4.1285625
Indonesia,IDN,2018,9.038936
Indonesia,IDN,2019,2.4185512
Indonesia,IDN,2020,0.50541097
Indonesia,IDN,2021,0.040912766
Iran,IRN,2021,1.2169679
Ireland,IRL,1996,67.92866
Ireland,IRL,1997,92.30371
Ireland,IRL,1998,98.94881
Ireland,IRL,1999,92.47516
Ireland,IRL,2000,91.53733
Ireland,IRL,2001,89.84024
Ireland,IRL,2002,78.32048
Ireland,IRL,2003,84.371
Ireland,IRL,2004,86.55838
Ireland,IRL,2005,89.0513
Ireland,IRL,2006,100.12258
Ireland,IRL,2007,96.79252
Ireland,IRL,2008,123.75368
Ireland,IRL,2009,106.44925
Ireland,IRL,2010,97.02556
Ireland,IRL,2011,107.6025
Ireland,IRL,2012,104.72007
Ireland,IRL,2013,129.66267
Ireland,IRL,2014,167.88669
Ireland,IRL,2015,191.60849
Ireland,IRL,2016,245.3459
Ireland,IRL,2017,252.52208
Ireland,IRL,2018,277.17413
Ireland,IRL,2019,296.15887
Israel,ISR,1995,58.042564
Israel,ISR,1996,46.32524
Israel,ISR,1997,49.62321
Israel,ISR,1998,43.956013
Israel,ISR,1999,42.375065
Israel,ISR,2000,41.68741
Israel,ISR,2001,3.6870887
Israel,ISR,2002,0.04719432
Israel,ISR,2004,0.030321453
Israel,ISR,2005,1.9362183
Israel,ISR,2006,1.3173144
Israel,ISR,2007,32.652443
Israel,ISR,2008,65.304695
Israel,ISR,2009,58.05794
Israel,ISR,2010,87.46747
Israel,ISR,2011,72.65659
Israel,ISR,2012,83.63959
Israel,ISR,2013,74.805786
Israel,ISR,2014,41.2012
Israel,ISR,2015,38.587486
Israel,ISR,2016,20.835848
Israel,ISR,2017,30.08693
Israel,ISR,2018,31.809898
Israel,ISR,2019,41.008736
Israel,ISR,2020,6.3945284
Israel,ISR,2021,0.674153
Italy,ITA,1995,433.39978
Italy,ITA,1996,452.1347
Italy,ITA,1997,409.4101
Italy,ITA,1998,413.901
Italy,ITA,1999,403.98584
Italy,ITA,2000,377.80167
Italy,ITA,2001,375.41895
Italy,ITA,2002,416.0919
Italy,ITA,2003,407.86987
Italy,ITA,2004,370.00958
Italy,ITA,2005,390.3273
Italy,ITA,2006,432.9119
Italy,ITA,2007,452.8358
Italy,ITA,2008,472.5262
Italy,ITA,2009,477.69714
Italy,ITA,2010,494.7808
Italy,ITA,2011,495.56897
Italy,ITA,2012,497.30728
Italy,ITA,2013,481.7899
Italy,ITA,2014,482.70312
Italy,ITA,2015,503.64496
Italy,ITA,2016,541.46277
Italy,ITA,2017,527.9313
Italy,ITA,2018,528.77014
Italy,ITA,2019,517.11145
Italy,ITA,2020,222.33398
Italy,ITA,2021,224.47543
Jamaica,JAM,1995,241.09647
Jamaica,JAM,1996,259.7818
Jamaica,JAM,1997,278.6745
Jamaica,JAM,1998,261.5882
Jamaica,JAM,1999,294.26764
Jamaica,JAM,2000,347.59933
Jamaica,JAM,2001,319.95
Jamaica,JAM,2002,327.8691
Jamaica,JAM,2003,427.3804
Jamaica,JAM,2004,412.90872
Jamaica,JAM,2005,424.37656
Jamaica,JAM,2006,497.08923
Jamaica,JAM,2007,436.83932
Jamaica,JAM,2008,402.74722
Jamaica,JAM,2009,338.67114
Jamaica,JAM,2010,332.85733
Jamaica,JAM,2011,409.6616
Jamaica,JAM,2012,478.29224
Jamaica,JAM,2013,456.1626
Jamaica,JAM,2014,511.39468
Jamaica,JAM,2015,561.46906
Jamaica,JAM,2016,590.7163
Jamaica,JAM,2017,684.73444
Jamaica,JAM,2018,656.50916
Jamaica,JAM,2019,551.92737
Jamaica,JAM,2020,159.3015
Jamaica,JAM,2021,25.108736
Jordan,JOR,1995,1.57014
Jordan,JOR,1996,3.4717062
Jordan,JOR,1997,3.1687913
Jordan,JOR,1998,343.9011
Jordan,JOR,1999,291.06537
Jordan,JOR,2000,221.51146
Jordan,JOR,2001,263.78412
Jordan,JOR,2002,434.6482
Jordan,JOR,2003,416.41016
Jordan,JOR,2004,494.17743
Jordan,JOR,2005,498.54355
Jordan,JOR,2006,551.0612
Jordan,JOR,2007,478.56943
Jordan,JOR,2008,508.37646
Jordan,JOR,2009,485.95178
Jordan,JOR,2010,558.4841
Jordan,JOR,2011,401.26694
Jordan,JOR,2012,298.39713
Jordan,JOR,2013,187.65875
Jordan,JOR,2014,154.42313
Jordan,JOR,2015,110.3826
Jordan,JOR,2016,67.13727
Jordan,JOR,2017,70.63856
Jordan,JOR,2018,73.80593
Jordan,JOR,2019,81.52406
Jordan,JOR,2020,15.829845
Jordan,JOR,2021,31.125854
Kazakhstan,KAZ,2000,13.91418
Kazakhstan,KAZ,2001,55.492706
Kazakhstan,KAZ,2002,55.153667
Kazakhstan,KAZ,2003,53.643097
Kazakhstan,KAZ,2004,78.469666
Kazakhstan,KAZ,2005,78.05187
Kazakhstan,KAZ,2006,78.30497
Kazakhstan,KAZ,2007,89.65311
Kazakhstan,KAZ,2008,68.65672
Kazakhstan,KAZ,2009,62.125187
Kazakhstan,KAZ,2010,66.51495
Kazakhstan,KAZ,2011,94.397125
Kazakhstan,KAZ,2012,100.91875
Kazakhstan,KAZ,2013,110.40179
Kazakhstan,KAZ,2014,100.78275
Kenya,KEN,1995,2.0834613
Kenya,KEN,1996,2.0278294
Kenya,KEN,1997,2.538405
Kenya,KEN,1998,3.500658
Kenya,KEN,1999,3.5708175
Kenya,KEN,2000,4.4730253
Kenya,KEN,2001,4.811269
Kenya,KEN,2002,4.972571
Kenya,KEN,2003,6.485599
Kenya,KEN,2004,4.656265
Kenya,KEN,2005,2.231955
Kenya,KEN,2006,3.7101972
Kenya,KEN,2007,3.4440336
Kenya,KEN,2008,1.5821615
Kenya,KEN,2009,2.427879
Kenya,KEN,2010,3.3479538
Kenya,KEN,2011,1.7122023
Kenya,KEN,2012,2.1040206
Kenya,KEN,2013,1.9199699
Kenya,KEN,2014,1.9418806
Kenya,KEN,2015,1.4087063
Kenya,KEN,2016,1.5032989
Kenya,KEN,2017,1.7365317
Kiribati,KIR,1999,174.09431
Kiribati,KIR,2000,96.803246
Kiribati,KIR,2001,109.34032
Kiribati,KIR,2002,1240.1523
Kiribati,KIR,2003,1327.4524
Kiribati,KIR,2004,628.64325
Kiribati,KIR,2005,469.54095
Kiribati,KIR,2006,63.93926
Kiribati,KIR,2007,270.55374
Kiribati,KIR,2014,28.695152
Kiribati,KIR,2015,36.841248
Kiribati,KIR,2016,16.029833
Kiribati,KIR,2017,14.122182
Kiribati,KIR,2018,15.538617
Kiribati,KIR,2019,32.997456
Laos,LAO,1995,58.042404
Laos,LAO,1996,61.460133
Laos,LAO,1997,52.4217
Laos,LAO,1998,57.17638
Laos,LAO,1999,66.47865
Laos,LAO,2000,100.53653
Laos,LAO,2001,90.76557
Laos,LAO,2002,92.93443
Laos,LAO,2003,77.34126
Laos,LAO,2004,84.60222
Laos,LAO,2005,72.27101
Laos,LAO,2006,62.72495
Laos,LAO,2007,79.783424
Laos,LAO,2008,72.03551
Laos,LAO,2009,123.43632
Laos,LAO,2010,133.31383
Laos,LAO,2011,129.35742
Laos,LAO,2012,159.6299
Laos,LAO,2013,163.46661
Laos,LAO,2014,148.69684
Laos,LAO,2015,168.10512
Laos,LAO,2016,134.08083
Laos,LAO,2017,87.4545
Laos,LAO,2018,58.690998
Laos,LAO,2019,56.43327
Laos,LAO,2020,10.219421
Latvia,LVA,1996,452.98718
Latvia,LVA,1997,475.813
Latvia,LVA,1998,497.49567
Latvia,LVA,1999,483.85297
Latvia,LVA,2000,587.243
Latvia,LVA,2001,613.75305
Latvia,LVA,2002,612.6002
Latvia,LVA,2003,653.3464
Latvia,LVA,2004,863.2828
Latvia,LVA,2005,1190.239
Latvia,LVA,2006,1410.6702
Latvia,LVA,2007,1646.5546
Latvia,LVA,2008,1772.6843
Latvia,LVA,2009,1600.9271
Latvia,LVA,2010,1745.865
Latvia,LVA,2011,1947.5448
Latvia,LVA,2012,2013.016
Latvia,LVA,2013,2109.7805
Latvia,LVA,2014,2189.4146
Latvia,LVA,2015,2418.7341
Latvia,LVA,2016,2535.6262
Latvia,LVA,2017,2955.1973
Latvia,LVA,2018,3011.4194
Latvia,LVA,2019,3343.5044
Latvia,LVA,2020,1353.6757
Latvia,LVA,2021,778.5793
Lesotho,LSO,1995,63.078922
Lesotho,LSO,1996,91.043846
Lesotho,LSO,1997,85.67425
Lesotho,LSO,1998,70.505844
Lesotho,LSO,1999,60.67453
Lesotho,LSO,2006,5.058714
Lesotho,LSO,2007,4.0333333
Lesotho,LSO,2008,4.009993
Lesotho,LSO,2009,11.945184
Lesotho,LSO,2010,5.4381356
Lesotho,LSO,2011,0.24537626
Lesotho,LSO,2012,51.588486
Lesotho,LSO,2013,54.485455
Libya,LBY,1995,375.23254
Libya,LBY,1996,246.46909
Libya,LBY,1997,176.0381
Libya,LBY,1998,164.22511
Libya,LBY,1999,155.5951
Libya,LBY,2000,153.06155
Libya,LBY,2001,148.59967
Libya,LBY,2002,133.75696
Libya,LBY,2003,147.222
Libya,LBY,2006,14.062409
Libya,LBY,2007,11.152702
Libya,LBY,2008,1.2844437
Lithuania,LTU,1995,520.37897
Lithuania,LTU,1996,716.0085
Lithuania,LTU,1997,728.0311
Lithuania,LTU,1998,783.2462
Lithuania,LTU,1999,834.354
Lithuania,LTU,2000,835.9172
Lithuania,LTU,2001,821.3149
Lithuania,LTU,2002,731.27045
Lithuania,LTU,2003,617.9239
Lithuania,LTU,2007,844.94147
Lithuania,LTU,2008,883.2695
Lithuania,LTU,2009,836.3512
Lithuania,LTU,2010,817.45233
Lithuania,LTU,2011,880.3794
Lithuania,LTU,2012,1005.11206
Lithuania,LTU,2013,1073.9084
Lithuania,LTU,2014,1053.4478
Lithuania,LTU,2015,1004.46594
Lithuania,LTU,2016,1031.4705
Lithuania,LTU,2017,1055.9651
Lithuania,LTU,2018,1143.899
Lithuania,LTU,2019,1149.4927
Lithuania,LTU,2020,477.9686
Lithuania,LTU,2021,411.9639
Macao,MAC,1995,8949.934
Macao,MAC,1996,8560.369
Macao,MAC,1997,7685.058
Macao,MAC,1998,5807.3174
Macao,MAC,1999,5626.0444
Macao,MAC,2000,9180.281
Macao,MAC,2001,10104.093
Macao,MAC,2002,11043.531
Macao,MAC,2003,12061.712
Macao,MAC,2004,17557.031
Macao,MAC,2005,19845.363
Macao,MAC,2006,22545.68
Macao,MAC,2007,27279.29
Macao,MAC,2008,23292.783
Macao,MAC,2009,20903.234
Macao,MAC,2010,23398.234
Macao,MAC,2011,26403.906
Macao,MAC,2012,24889.494
Macao,MAC,2013,25373.2
Macao,MAC,2014,28071.895
Macao,MAC,2015,26667.512
Macao,MAC,2016,24328.78
Macao,MAC,2017,24045.9
Macao,MAC,2018,26591.56
Macao,MAC,2019,31300.666
Macao,MAC,2020,4546.886
Macao,MAC,2021,5838.7803
Madagascar,MDG,1995,0.72102547
Madagascar,MDG,2015,1.5291189
Madagascar,MDG,2016,1.5685079
Madagascar,MDG,2017,1.1463709
Madagascar,MDG,2018,2.5701632
Madagascar,MDG,2019,3.7046273
Madagascar,MDG,2020,0.6660719
Malaysia,MYS,1995,368.2794
Malaysia,MYS,1996,335.733
Malaysia,MYS,1997,300.24692
Malaysia,MYS,1998,244.60649
Malaysia,MYS,1999,267.2937
Malaysia,MYS,2000,304.6831
Malaysia,MYS,2001,434.06564
Malaysia,MYS,2002,309.165
Malaysia,MYS,2003,231.04826
Malaysia,MYS,2004,344.56693
Malaysia,MYS,2005,300.0362
Malaysia,MYS,2006,292.3867
Malaysia,MYS,2007,271.36557
Malaysia,MYS,2008,118.16672
Malaysia,MYS,2009,278.65976
Malaysia,MYS,2019,272.67996
Malaysia,MYS,2020,53.283154
Malaysia,MYS,2021,7.8930426
Maldives,MDV,2000,24.777006
Maldives,MDV,2001,17.401594
Maldives,MDV,2002,10.263674
Maldives,MDV,2003,13.457501
Maldives,MDV,2004,13.238809
Maldives,MDV,2005,13.02834
Maldives,MDV,2006,9.541651
Maldives,MDV,2007,18.453873
Maldives,MDV,2008,5.936656
Maldives,MDV,2009,8.595003
Maldives,MDV,2010,1.3828237
Maldives,MDV,2011,0.5341167
Maldives,MDV,2012,23.22269
Maldives,MDV,2013,4.9907546
Malta,MLT,1995,201.64458
Malta,MLT,1996,179.09471
Malta,MLT,1997,326.60995
Malta,MLT,1998,366.89114
Malta,MLT,1999,474.75586
Malta,MLT,2000,428.34384
Malta,MLT,2001,644.01746
Malta,MLT,2002,862.35016
Malta,MLT,2003,946.118
Malta,MLT,2004,665.3539
Malta,MLT,2005,765.44855
Malta,MLT,2006,965.4575
Malta,MLT,2007,1162.3646
Malta,MLT,2008,1311.0566
Malta,MLT,2009,1025.2485
Malta,MLT,2010,1136.6947
Malta,MLT,2011,1182.7838
Malta,MLT,2012,1309.5703
Malta,MLT,2013,985.07306
Malta,MLT,2014,1057.2316
Malta,MLT,2015,1314.1036
Malta,MLT,2016,1338.4161
Malta,MLT,2017,1397.2684
Malta,MLT,2018,1287.6584
Malta,MLT,2019,1520.9095
Malta,MLT,2020,114.48219
Malta,MLT,2021,269.5771
Marshall Islands,MHL,2016,22.748894
Marshall Islands,MHL,2017,40.250828
Marshall Islands,MHL,2020,18.417479
Martinique,MTQ,1995,1044.0247
Martinique,MTQ,1996,978.2976
Martinique,MTQ,1997,912.4217
Martinique,MTQ,1998,964.42773
Martinique,MTQ,1999,782.1386
Martinique,MTQ,2000,670.435
Martinique,MTQ,2001,472.83636
Martinique,MTQ,2002,486.52194
Martinique,MTQ,2003,641.7781
Martinique,MTQ,2004,387.67627
Martinique,MTQ,2005,232.28224
Martinique,MTQ,2006,242.69452
Martinique,MTQ,2007,181.89719
Martinique,MTQ,2008,219.98027
Martinique,MTQ,2009,177.56628
Martinique,MTQ,2010,191.23726
Martinique,MTQ,2011,105.229385
Martinique,MTQ,2012,297.16452
Martinique,MTQ,2013,345.70148
Martinique,MTQ,2014,535.90985
Martinique,MTQ,2015,714.42914
Martinique,MTQ,2016,849.21783
Martinique,MTQ,2017,1237.2238
Martinique,MTQ,2018,1240.5194
Martinique,MTQ,2019,975.1406
Martinique,MTQ,2020,570.4659
Martinique,MTQ,2021,57.483887
Mauritius,MUS,1995,12.928605
Mauritius,MUS,1996,18.762606
Mauritius,MUS,1997,18.576923
Mauritius,MUS,1998,17.575
Mauritius,MUS,1999,18.250961
Mauritius,MUS,2000,18.093147
Mauritius,MUS,2001,11.426034
Mauritius,MUS,2002,22.690916
Mauritius,MUS,2003,15.293683
Mauritius,MUS,2004,15.995035
Mauritius,MUS,2005,16.692501
Mauritius,MUS,2006,14.231758
Mauritius,MUS,2007,20.46292
Mauritius,MUS,2008,31.355556
Mauritius,MUS,2009,14.845281
Mauritius,MUS,2010,17.142675
Mauritius,MUS,2011,13.994288
Mauritius,MUS,2012,14.742933
Mauritius,MUS,2013,17.04504
Mauritius,MUS,2014,20.89602
Mauritius,MUS,2015,17.476583
Mauritius,MUS,2016,24.73126
Mauritius,MUS,2017,23.170622
Mauritius,MUS,2018,24.703062
Mauritius,MUS,2019,27.000256
Mauritius,MUS,2020,5.3936186
Mauritius,MUS,2021,0.38493457
Mexico,MEX,1995,724.74506
Mexico,MEX,1996,753.37476
Mexico,MEX,1997,789.45654
Mexico,MEX,1998,800.0862
Mexico,MEX,1999,839.01135
Mexico,MEX,2000,868.7954
Mexico,MEX,2001,814.01056
Mexico,MEX,2002,797.5558
Mexico,MEX,2003,719.1689
Mexico,MEX,2004,756.47107
Mexico,MEX,2005,770.3827
Mexico,MEX,2006,714.28845
Mexico,MEX,2007,664.5801
Mexico,MEX,2008,638.3491
Mexico,MEX,2009,591.6105
Mexico,MEX,2010,521.3076
Mexico,MEX,2011,458.4212
Mexico,MEX,2012,460.84903
Mexico,MEX,2013,459.96835
Mexico,MEX,2014,435.31314
Mexico,MEX,2015,458.05283
Mexico,MEX,2016,491.88925
Mexico,MEX,2017,488.91537
Mexico,MEX,2018,444.9825
Mexico,MEX,2019,418.7702
Mexico,MEX,2020,213.05447
Mexico,MEX,2021,185.00433
Moldova,MDA,1995,0.22415303
Moldova,MDA,1996,0.02257235
Moldova,MDA,1998,0.114849195
Moldova,MDA,1999,0.06970354
Moldova,MDA,2000,0.18816574
Moldova,MDA,2001,0.04761338
Moldova,MDA,2002,0.48220146
Moldova,MDA,2003,0.73278254
Monaco,MCO,1995,730.04285
Monaco,MCO,1996,819.15564
Monaco,MCO,1997,687.6289
Monaco,MCO,1998,1737.296
Monaco,MCO,1999,1850.8236
Monaco,MCO,2000,2338.8933
Monaco,MCO,2001,2217.7046
Monaco,MCO,2002,1728.0751
Monaco,MCO,2003,2473.2578
Monaco,MCO,2004,3875.0078
Monaco,MCO,2005,4135.315
Monaco,MCO,2006,5620.4336
Monaco,MCO,2007,5715.901
Monaco,MCO,2008,7275.236
Monaco,MCO,2009,7277.661
Monaco,MCO,2010,9697.919
Monaco,MCO,2011,8389.509
Monaco,MCO,2012,6710.2495
Monaco,MCO,2013,6911.3374
Monaco,MCO,2014,5369.053
Monaco,MCO,2015,6932.9272
Monaco,MCO,2016,4906.983
Monaco,MCO,2017,4478.1353
Monaco,MCO,2018,4561.4033
Monaco,MCO,2019,4911.088
Monaco,MCO,2020,29.7756
Montserrat,MSR,1995,191.27316
Montserrat,MSR,1996,38.77472
Montserrat,MSR,1997,141.00395
Montserrat,MSR,1998,295.26028
Montserrat,MSR,1999,552.677
Montserrat,MSR,2000,774.29346
Montserrat,MSR,2001,1226.9939
Montserrat,MSR,2002,1123.8384
Montserrat,MSR,2003,1117.7988
Montserrat,MSR,2004,1089.2781
Montserrat,MSR,2005,720.7971
Montserrat,MSR,2006,315.39108
Montserrat,MSR,2007,208.6376
Montserrat,MSR,2008,206.78247
Montserrat,MSR,2009,204.24837
Montserrat,MSR,2010,342.74194
Montserrat,MSR,2011,400.88193
Montserrat,MSR,2012,519.1038
Montserrat,MSR,2013,297.9146
Montserrat,MSR,2014,374.38425
Montserrat,MSR,2015,845.9571
Montserrat,MSR,2016,939.70245
Montserrat,MSR,2017,1905.5685
Montserrat,MSR,2018,1483.6796
Montserrat,MSR,2019,1965.5477
Montserrat,MSR,2020,684.9315
Morocco,MAR,1995,5.6392984
Morocco,MAR,1996,6.0372396
Morocco,MAR,1997,4.7815247
Morocco,MAR,1998,6.1888695
Morocco,MAR,1999,9.617776
Morocco,MAR,2000,6.3037524
Morocco,MAR,2001,7.4662724
Morocco,MAR,2002,8.702531
Morocco,MAR,2003,8.765639
Morocco,MAR,2004,8.523922
Morocco,MAR,2005,7.65644
Morocco,MAR,2006,7.070341
Morocco,MAR,2007,9.381213
Morocco,MAR,2008,10.431485
Morocco,MAR,2009,9.95541
Morocco,MAR,2010,14.292374
Morocco,MAR,2011,13.433137
Morocco,MAR,2012,13.642292
Morocco,MAR,2013,8.963561
Morocco,MAR,2014,6.540412
Morocco,MAR,2015,10.52466
Morocco,MAR,2016,9.8270235
Morocco,MAR,2017,5.376024
Morocco,MAR,2018,5.566764
Morocco,MAR,2019,4.875441
Morocco,MAR,2020,0.65415114
Mozambique,MOZ,2001,4.4454875
Mozambique,MOZ,2002,21.503136
Mozambique,MOZ,2003,14.853994
Mozambique,MOZ,2004,12.236974
Mozambique,MOZ,2005,18.603617
Mozambique,MOZ,2006,20.785118
Mozambique,MOZ,2007,22.93177
Mozambique,MOZ,2008,11.260863
Mozambique,MOZ,2009,11.142478
Mozambique,MOZ,2010,5.1140404
Mozambique,MOZ,2011,4.6716337
Mozambique,MOZ,2012,3.7978384
Mozambique,MOZ,2013,3.2987828
Mozambique,MOZ,2014,3.4563932
Mozambique,MOZ,2015,3.0547714
Mozambique,MOZ,2016,2.744029
Mozambique,MOZ,2017,2.3451626
Mozambique,MOZ,2018,4.3162217
Mozambique,MOZ,2019,0.46226588
Mozambique,MOZ,2020,0.22451554
Mozambique,MOZ,2021,1.77697
Namibia,NAM,1995,92.8128
Namibia,NAM,1996,59.9972
Namibia,NAM,1997,63.78274
Namibia,NAM,1998,38.595383
Namibia,NAM,1999,33.178127
Namibia,NAM,2000,56.61991
Namibia,NAM,2001,16.160257
Namibia,NAM,2002,22.239508
Namibia,NAM,2003,22.97132
Namibia,NAM,2005,39.73765
Namibia,NAM,2006,63.929348
Namibia,NAM,2007,59.160065
Namibia,NAM,2008,72.60041
Namibia,NAM,2009,58.0291
Namibia,NAM,2010,61.92614
Namibia,NAM,2011,63.779606
Namibia,NAM,2012,76.586845
Namibia,NAM,2013,68.49573
Namibia,NAM,2014,48.59546
Namibia,NAM,2015,43.8076
Namibia,NAM,2016,35.29385
Namibia,NAM,2017,34.67905
Namibia,NAM,2018,34.085968
Namibia,NAM,2019,22.479736
Namibia,NAM,2020,7.070832
Namibia,NAM,2021,11.303678
New Caledonia,NCL,1995,180.25507
New Caledonia,NCL,1996,230.27815
New Caledonia,NCL,1997,163.12354
New Caledonia,NCL,1998,108.097435
New Caledonia,NCL,1999,234.878
New Caledonia,NCL,2000,230.19843
New Caledonia,NCL,2001,225.66472
New Caledonia,NCL,2002,234.36482
New Caledonia,NCL,2003,272.6967
New Caledonia,NCL,2004,322.6401
New Caledonia,NCL,2005,334.50754
New Caledonia,NCL,2006,484.43497
New Caledonia,NCL,2007,497.23712
New Caledonia,NCL,2008,600.57684
New Caledonia,NCL,2009,509.75143
New Caledonia,NCL,2010,699.9828
New Caledonia,NCL,2011,886.1786
New Caledonia,NCL,2012,1024.6393
New Caledonia,NCL,2013,1396.5066
New Caledonia,NCL,2014,1502.8223
New Caledonia,NCL,2015,1568.6774
New Caledonia,NCL,2016,1793.8136
New Caledonia,NCL,2017,1775.9303
New Caledonia,NCL,2018,1600.6346
New Caledonia,NCL,2019,1205.4357
New Caledonia,NCL,2020,411.9939
New Zealand,NZL,1998,2.6246395
New Zealand,NZL,1999,2.8694434
New Zealand,NZL,2000,1.8156983
New Zealand,NZL,2001,2.3138704
New Zealand,NZL,2002,4.811854
New Zealand,NZL,2003,4.4776745
New Zealand,NZL,2004,2.2051177
New Zealand,NZL,2005,3.1455808
New Zealand,NZL,2006,4.5454698
New Zealand,NZL,2007,4.974541
New Zealand,NZL,2008,26.289629
New Zealand,NZL,2009,23.240227
New Zealand,NZL,2010,21.857447
New Zealand,NZL,2011,23.965631
New Zealand,NZL,2012,22.901014
New Zealand,NZL,2013,18.199625
New Zealand,NZL,2014,18.16491
New Zealand,NZL,2015,19.605318
New Zealand,NZL,2016,26.563337
New Zealand,NZL,2017,35.396343
New Zealand,NZL,2018,35.548
New Zealand,NZL,2019,37.507313
New Zealand,NZL,2020,9.484048
New Zealand,NZL,2021,0.38988405
Nicaragua,NIC,1995,12.283108
Nicaragua,NIC,1996,17.45494
Nicaragua,NIC,1997,19.403738
Nicaragua,NIC,1998,15.478784
Nicaragua,NIC,1999,12.277508
Nicaragua,NIC,2000,18.738205
Nicaragua,NIC,2001,19.257563
Nicaragua,NIC,2002,20.346008
Nicaragua,NIC,2003,22.543407
Nicaragua,NIC,2004,22.279076
Nicaragua,NIC,2005,16.866251
Nicaragua,NIC,2006,25.678997
Nicaragua,NIC,2007,31.743427
Nicaragua,NIC,2008,26.899906
Nicaragua,NIC,2009,13.516677
Nicaragua,NIC,2010,10.246364
Nicaragua,NIC,2011,10.264947
Nicaragua,NIC,2012,8.788505
Nicaragua,NIC,2013,7.1902742
Nicaragua,NIC,2014,9.824955
Nicaragua,NIC,2015,11.113564
Nicaragua,NIC,2016,14.399216
Nicaragua,NIC,2017,26.386715
Nicaragua,NIC,2018,23.888376
Nicaragua,NIC,2019,23.859835
Nicaragua,NIC,2020,13.32169
Nicaragua,NIC,2021,13.137639
Niue,NIU,2017,951.8773
Northern Mariana Islands,MNP,1995,143.631
Northern Mariana Islands,MNP,1996,149.84921
Northern Mariana Islands,MNP,1997,164.37096
Northern Mariana Islands,MNP,1998,131.35619
Northern Mariana Islands,MNP,1999,104.909775
Northern Mariana Islands,MNP,2000,149.34103
Northern Mariana Islands,MNP,2001,75.47645
Northern Mariana Islands,MNP,2002,129.57228
Northern Mariana Islands,MNP,2003,93.775955
Northern Mariana Islands,MNP,2004,152.9541
Northern Mariana Islands,MNP,2005,130.34978
Northern Mariana Islands,MNP,2006,105.93541
Northern Mariana Islands,MNP,2007,63.423607
Northern Mariana Islands,MNP,2008,149.8826
Northern Mariana Islands,MNP,2009,157.69278
Northern Mariana Islands,MNP,2010,73.92486
Northern Mariana Islands,MNP,2011,95.161964
Northern Mariana Islands,MNP,2012,38.180325
Northern Mariana Islands,MNP,2013,57.518646
Northern Mariana Islands,MNP,2014,96.37997
Northern Mariana Islands,MNP,2015,65.97074
Northern Mariana Islands,MNP,2016,97.7498
Northern Mariana Islands,MNP,2017,78.81463
Northern Mariana Islands,MNP,2018,19.869656
Northern Mariana Islands,MNP,2019,60.14435
Northern Mariana Islands,MNP,2020,40.31364
Northern Mariana Islands,MNP,2021,10.100398
Norway,NOR,1998,403.68512
Norway,NOR,1999,425.8039
Norway,NOR,2000,449.10007
Norway,NOR,2001,452.3685
Norway,NOR,2002,315.52728
Norway,NOR,2003,310.3939
Norway,NOR,2004,327.07037
Norway,NOR,2005,344.74622
Norway,NOR,2006,357.8569
Norway,NOR,2007,348.22623
Norway,NOR,2008,357.96265
Norway,NOR,2009,366.10657
Norway,NOR,2010,370.36682
Norway,NOR,2011,349.24344
Oman,OMN,2001,112.01627
Oman,OMN,2002,122.72935
Oman,OMN,2003,70.32398
Oman,OMN,2004,85.86959
Oman,OMN,2005,83.889885
Oman,OMN,2006,124.577644
Oman,OMN,2007,52.19315
Oman,OMN,2008,62.617123
Oman,OMN,2009,23.725294
Oman,OMN,2010,20.472498
Oman,OMN,2011,116.93598
Oman,OMN,2012,133.78267
Oman,OMN,2013,139.12585
Oman,OMN,2014,153.145
Oman,OMN,2015,172.95738
Oman,OMN,2016,198.26834
Oman,OMN,2017,190.01056
Oman,OMN,2018,204.51364
Oman,OMN,2019,218.56409
Oman,OMN,2020,54.188423
Oman,OMN,2021,41.58856
Palestine,PSE,2007,178.59631
Palestine,PSE,2008,288.80304
Palestine,PSE,2009,344.66833
Palestine,PSE,2010,575.86096
Palestine,PSE,2011,558.0091
Palestine,PSE,2012,612.0701
Palestine,PSE,2013,543.9301
Palestine,PSE,2014,536.7
Palestine,PSE,2015,361.681
Palestine,PSE,2016,398.57593
Palestine,PSE,2017,481.39166
Palestine,PSE,2018,508.57874
Palestine,PSE,2019,635.8743
Palestine,PSE,2020,165.35818
Panama,PAN,1995,26.50888
Panama,PAN,1996,28.86412
Panama,PAN,1997,29.349426
Panama,PAN,1998,33.966698
Panama,PAN,1999,33.29795
Panama,PAN,2000,38.64428
Panama,PAN,2001,71.21788
Panama,PAN,2002,85.5497
Panama,PAN,2003,104.03505
Panama,PAN,2004,118.08923
Panama,PAN,2005,111.31697
Panama,PAN,2006,110.43239
Panama,PAN,2007,94.70748
Panama,PAN,2008,93.84073
Panama,PAN,2009,101.70428
Panama,PAN,2010,110.93872
Panama,PAN,2011,143.95398
Panama,PAN,2012,127.833954
Panama,PAN,2013,142.35036
Panama,PAN,2014,144.00348
Panama,PAN,2015,111.950615
Panama,PAN,2016,113.75101
Panama,PAN,2017,164.54793
Panama,PAN,2018,168.53697
Panama,PAN,2019,175.07227
Panama,PAN,2020,54.25682
Panama,PAN,2021,42.7462
Papua New Guinea,PNG,2008,0.8405717
Papua New Guinea,PNG,2009,0.6794506
Papua New Guinea,PNG,2010,0.7912155
Papua New Guinea,PNG,2011,0.8966729
Papua New Guinea,PNG,2012,0.8721059
Papua New Guinea,PNG,2013,0.97021043
Papua New Guinea,PNG,2014,1.063307
Papua New Guinea,PNG,2015,1.8428569
Papua New Guinea,PNG,2016,2.135029
Papua New Guinea,PNG,2017,4.717601
Papua New Guinea,PNG,2018,5.8954473
Papua New Guinea,PNG,2019,5.344516
Paraguay,PRY,1995,3310.2197
Paraguay,PRY,1996,2640.685
Paraguay,PRY,1997,2191.648
Paraguay,PRY,1998,1923.0402
Paraguay,PRY,1999,1253.4731
Paraguay,PRY,2000,709.43207
Paraguay,PRY,2001,627.64557
Paraguay,PRY,2002,556.8886
Paraguay,PRY,2003,484.00415
Paraguay,PRY,2004,420.94946
Paraguay,PRY,2005,421.22516
Paraguay,PRY,2006,441.21777
Paraguay,PRY,2007,463.13623
Paraguay,PRY,2008,476.51483
Paraguay,PRY,2009,481.1858
Paraguay,PRY,2010,469.0898
Paraguay,PRY,2011,486.14478
Paraguay,PRY,2012,519.30273
Paraguay,PRY,2013,487.5404
Paraguay,PRY,2014,460.70035
Paraguay,PRY,2015,467.30682
Paraguay,PRY,2016,480.3225
Paraguay,PRY,2017,497.2145
Paraguay,PRY,2018,465.90765
Paraguay,PRY,2019,482.6931
Paraguay,PRY,2020,124.646835
Paraguay,PRY,2021,71.004486
Peru,PER,1998,0.116196975
Peru,PER,1999,0.11427597
Peru,PER,2000,0.1500688
Peru,PER,2001,0.14806637
Peru,PER,2002,0.14633517
Peru,PER,2003,0.14480506
Peru,PER,2004,10.755034
Peru,PER,2005,13.038569
Peru,PER,2006,17.82878
Peru,PER,2007,18.706045
Peru,PER,2008,18.155825
Peru,PER,2009,18.649176
Peru,PER,2010,22.203539
Peru,PER,2011,23.78067
Peru,PER,2012,26.75667
Peru,PER,2013,28.196856
Peru,PER,2014,27.904106
Peru,PER,2015,30.118654
Peru,PER,2016,31.285357
Peru,PER,2017,30.374472
Peru,PER,2018,29.965273
Peru,PER,2019,27.509634
Peru,PER,2020,6.6657124
Philippines,PHL,1995,0.057761338
Philippines,PHL,1996,0.14095433
Philippines,PHL,1997,0.24752873
Philippines,PHL,1998,0.4027282
Philippines,PHL,1999,0.23606847
Philippines,PHL,2000,0.08979168
Philippines,PHL,2001,0.05023479
Philippines,PHL,2002,0.061511528
Philippines,PHL,2003,0.06028248
Philippines,PHL,2004,0.09455426
Philippines,PHL,2005,0.023185382
Philippines,PHL,2006,0.045505308
Philippines,PHL,2007,0.18981397
Philippines,PHL,2008,0.23013112
Philippines,PHL,2009,0.22593533
Philippines,PHL,2010,0.2641681
Philippines,PHL,2011,0.083041035
Philippines,PHL,2012,0.11220789
Philippines,PHL,2013,0.16048126
Philippines,PHL,2014,0.5921527
Philippines,PHL,2015,0.6794048
Philippines,PHL,2016,0.6865298
Philippines,PHL,2017,1.0680308
Philippines,PHL,2018,2.1000502
Philippines,PHL,2019,1.4676466
Philippines,PHL,2020,0.2228343
Poland,POL,1995,1641.2955
Poland,POL,1996,1771.5236
Poland,POL,1997,1778.7474
Poland,POL,1998,1818.9686
Poland,POL,1999,1855.5101
Poland,POL,2000,1743.0461
Poland,POL,2001,1200.9199
Poland,POL,2002,951.03235
Poland,POL,2003,994.5228
Poland,POL,2004,1234.0126
Poland,POL,2005,1280.7474
Poland,POL,2006,1282.7139
Poland,POL,2007,1329.9718
Poland,POL,2008,1219.405
Poland,POL,2009,1088.0479
Poland,POL,2010,1188.4233
Poland,POL,2011,1227.1869
Poland,POL,2012,1360.487
Poland,POL,2013,1463.7108
Poland,POL,2014,1496.8167
Poland,POL,2015,1582.6205
Poland,POL,2016,1635.1299
Poland,POL,2017,1701.0436
Poland,POL,2018,1721.7415
Poland,POL,2019,1749.8234
Poland,POL,2020,1110.0653
Poland,POL,2021,1078.216
Portugal,PRT,1995,1327.1981
Portugal,PRT,1996,1318.5426
Portugal,PRT,1997,1366.3625
Portugal,PRT,1998,1476.5087
Portugal,PRT,1999,1477.5187
Portugal,PRT,2000,1523.3046
Portugal,PRT,2001,1524.709
Portugal,PRT,2002,1475.3263
Portugal,PRT,2003,1483.2892
Portugal,PRT,2004,1002.3308
Portugal,PRT,2005,1003.5812
Portugal,PRT,2006,1072.274
Puerto Rico,PRI,1995,258.03333
Puerto Rico,PRI,1996,279.94943
Puerto Rico,PRI,1997,294.71802
Puerto Rico,PRI,1998,336.83466
Puerto Rico,PRI,1999,314.4263
Puerto Rico,PRI,2000,320.08536
Puerto Rico,PRI,2001,354.1104
Puerto Rico,PRI,2002,333.3529
Puerto Rico,PRI,2003,304.2637
Puerto Rico,PRI,2004,353.15387
Puerto Rico,PRI,2005,364.46674
Puerto Rico,PRI,2006,342.86688
Puerto Rico,PRI,2007,364.19537
Puerto Rico,PRI,2008,398.39078
Puerto Rico,PRI,2009,329.50568
Puerto Rico,PRI,2010,321.1473
Puerto Rico,PRI,2011,315.85092
Puerto Rico,PRI,2012,308.36615
Puerto Rico,PRI,2013,287.1347
Puerto Rico,PRI,2014,339.88687
Puerto Rico,PRI,2015,431.4714
Puerto Rico,PRI,2016,369.09238
Puerto Rico,PRI,2017,420.0324
Puerto Rico,PRI,2018,359.1152
Puerto Rico,PRI,2019,531.7521
Puerto Rico,PRI,2020,386.54224
Puerto Rico,PRI,2021,0
Reunion,REU,2017,46.100487
Reunion,REU,2018,41.436947
Reunion,REU,2019,71.306465
Reunion,REU,2020,40.090664
Romania,ROU,1995,118.58091
Romania,ROU,1996,97.11002
Romania,ROU,1997,98.342094
Romania,ROU,1998,84.15594
Romania,ROU,1999,91.4288
Romania,ROU,2000,90.785164
Russia,RUS,2001,4.5406203
Russia,RUS,2002,4.65004
Russia,RUS,2003,4.8155627
Russia,RUS,2004,5.728986
Russia,RUS,2005,5.7788577
Russia,RUS,2006,3.9975255
Russia,RUS,2007,8.028358
Russia,RUS,2008,8.749949
Russia,RUS,2009,8.710312
Russia,RUS,2010,8.349472
Russia,RUS,2011,8.851561
Russia,RUS,2012,9.406155
Russia,RUS,2013,10.322536
Russia,RUS,2015,11.543642
Rwanda,RWA,2006,3.9913385
Rwanda,RWA,2007,4.5153
Rwanda,RWA,2008,6.338173
Rwanda,RWA,2009,6.073437
Rwanda,RWA,2010,6.014144
Rwanda,RWA,2011,6.9018126
Rwanda,RWA,2012,6.8263597
Rwanda,RWA,2013,6.846013
Rwanda,RWA,2014,7.0370193
Rwanda,RWA,2015,6.956992
Rwanda,RWA,2016,7.1243567
Rwanda,RWA,2017,7.1952195
Rwanda,RWA,2018,7.3413177
Rwanda,RWA,2019,7.0120606
Rwanda,RWA,2020,2.0537994
Rwanda,RWA,2021,2.228513
Saint Kitts and Nevis,KNA,1995,2912.439
Saint Kitts and Nevis,KNA,1996,2040.8163
Saint Kitts and Nevis,KNA,1997,2426.6843
Saint Kitts and Nevis,KNA,1998,3547.5415
Saint Kitts and Nevis,KNA,1999,3165.968
Saint Kitts and Nevis,KNA,2000,3824.8484
Saint Kitts and Nevis,KNA,2001,5715.776
Saint Kitts and Nevis,KNA,2002,3694.262
Saint Kitts and Nevis,KNA,2003,3358.016
Saint Kitts and Nevis,KNA,2004,5686.451
Saint Kitts and Nevis,KNA,2005,4791.239
Saint Kitts and Nevis,KNA,2006,4498.934
Saint Kitts and Nevis,KNA,2007,5442.408
Saint Kitts and Nevis,KNA,2008,8584.1455
Saint Kitts and Nevis,KNA,2009,9828.789
Saint Kitts and Nevis,KNA,2010,11090.262
Saint Kitts and Nevis,KNA,2011,13002.836
Saint Kitts and Nevis,KNA,2012,11768.647
Saint Kitts and Nevis,KNA,2013,12303.057
Saint Kitts and Nevis,KNA,2014,14723.105
Saint Kitts and Nevis,KNA,2015,19199.398
Saint Kitts and Nevis,KNA,2016,19638.6
Saint Kitts and Nevis,KNA,2017,22547.113
Saint Kitts and Nevis,KNA,2018,24106.975
Saint Kitts and Nevis,KNA,2019,20674.92
Saint Kitts and Nevis,KNA,2020,5685.394
Saint Kitts and Nevis,KNA,2021,2149.8604
Saint Lucia,LCA,1995,1155.0981
Saint Lucia,LCA,1996,1207.9333
Saint Lucia,LCA,1997,2026.0883
Saint Lucia,LCA,1998,2403.2332
Saint Lucia,LCA,1999,2539.9312
Saint Lucia,LCA,2000,2864.9702
Saint Lucia,LCA,2001,3094.433
Saint Lucia,LCA,2002,2441.0742
Saint Lucia,LCA,2003,2489.881
Saint Lucia,LCA,2004,2995.3972
Saint Lucia,LCA,2005,2430.5598
Saint Lucia,LCA,2006,2204.522
Saint Lucia,LCA,2007,3689.0237
Saint Lucia,LCA,2008,3731.0776
Saint Lucia,LCA,2009,4148.644
Saint Lucia,LCA,2010,3966.072
Saint Lucia,LCA,2011,3705.9197
Saint Lucia,LCA,2012,3361.461
Saint Lucia,LCA,2013,3459.9292
Saint Lucia,LCA,2014,3712.5173
Saint Lucia,LCA,2015,3905.7607
Saint Lucia,LCA,2016,3400.8015
Saint Lucia,LCA,2017,3826.725
Saint Lucia,LCA,2018,4328.4204
Saint Lucia,LCA,2019,4457.0366
Saint Lucia,LCA,2020,1683.729
Saint Lucia,LCA,2021,545.4657
Saint Vincent and the Grenadines,VCT,1995,1383.6952
Saint Vincent and the Grenadines,VCT,1996,1382.3151
Saint Vincent and the Grenadines,VCT,1997,1181.2057
Saint Vincent and the Grenadines,VCT,1998,1182.3748
Saint Vincent and the Grenadines,VCT,1999,1359.5417
Saint Vincent and the Grenadines,VCT,2000,1607.6323
Saint Vincent and the Grenadines,VCT,2001,1610.1643
Saint Vincent and the Grenadines,VCT,2002,1498.2462
Saint Vincent and the Grenadines,VCT,2003,1440.9604
Saint Vincent and the Grenadines,VCT,2004,1553.8843
Saint Vincent and the Grenadines,VCT,2005,1436.7816
Saint Vincent and the Grenadines,VCT,2006,1875.3982
Saint Vincent and the Grenadines,VCT,2007,2147.3167
Saint Vincent and the Grenadines,VCT,2008,1504.5363
Saint Vincent and the Grenadines,VCT,2009,1784.2188
Saint Vincent and the Grenadines,VCT,2010,1454.3925
Saint Vincent and the Grenadines,VCT,2011,1232.5012
Saint Vincent and the Grenadines,VCT,2012,1165.5336
Saint Vincent and the Grenadines,VCT,2013,1191.0411
Saint Vincent and the Grenadines,VCT,2014,1253.1094
Saint Vincent and the Grenadines,VCT,2015,1230.1278
Saint Vincent and the Grenadines,VCT,2016,1396.6085
Saint Vincent and the Grenadines,VCT,2017,2150.2727
Saint Vincent and the Grenadines,VCT,2018,2608.8113
Saint Vincent and the Grenadines,VCT,2019,3001.7153
Saint Vincent and the Grenadines,VCT,2020,1223.1948
Saint Vincent and the Grenadines,VCT,2021,311.4817
Samoa,WSM,2006,31.681664
Samoa,WSM,2007,26.248096
Samoa,WSM,2008,20.856035
Samoa,WSM,2009,36.233948
Samoa,WSM,2010,41.09181
Samoa,WSM,2011,35.648083
Samoa,WSM,2012,45.42449
Samoa,WSM,2013,45.010803
Samoa,WSM,2014,56.500256
Samoa,WSM,2015,54.03122
Samoa,WSM,2016,58.3774
Samoa,WSM,2017,52.975796
Samoa,WSM,2018,38.14701
Samoa,WSM,2019,40.58231
Samoa,WSM,2020,3.7220728
San Marino,SMR,2005,69657.98
San Marino,SMR,2006,69572.76
San Marino,SMR,2007,68925.81
San Marino,SMR,2008,64987.473
San Marino,SMR,2009,61293.438
San Marino,SMR,2010,58676.613
San Marino,SMR,2011,57875.637
San Marino,SMR,2012,52177.586
San Marino,SMR,2013,55063.5
San Marino,SMR,2014,57728.566
San Marino,SMR,2015,54594.707
San Marino,SMR,2016,57294.742
San Marino,SMR,2017,54546.523
San Marino,SMR,2018,52371.34
San Marino,SMR,2019,52422.3
San Marino,SMR,2020,28115.635
San Marino,SMR,2021,37309.01
Sao Tome and Principe,STP,2001,1.3673251
Saudi Arabia,SAU,2004,104.97932
Saudi Arabia,SAU,2005,97.55037
Saudi Arabia,SAU,2006,92.26695
Saudi Arabia,SAU,2007,73.7877
Saudi Arabia,SAU,2008,107.88213
Saudi Arabia,SAU,2009,85.03079
Saudi Arabia,SAU,2010,73.949585
Saudi Arabia,SAU,2011,52.96682
Saudi Arabia,SAU,2012,114.04357
Saudi Arabia,SAU,2013,132.20042
Saudi Arabia,SAU,2014,147.8573
Saudi Arabia,SAU,2015,117.25249
Saudi Arabia,SAU,2016,85.07831
Saudi Arabia,SAU,2017,73.05563
Saudi Arabia,SAU,2018,63.852634
Saudi Arabia,SAU,2019,77.23147
Saudi Arabia,SAU,2020,20.668327
Saudi Arabia,SAU,2021,10.9039135
Senegal,SEN,1995,0.69503295
Senegal,SEN,1996,0.6784701
Senegal,SEN,1997,0.6628703
Senegal,SEN,1998,1.4036556
Senegal,SEN,1999,0.9495108
Senegal,SEN,2000,1.1335192
Senegal,SEN,2001,1.3081065
Senegal,SEN,2002,0.687559
Senegal,SEN,2003,0.6708512
Senegal,SEN,2004,0.9346931
Senegal,SEN,2005,0.8201153
Senegal,SEN,2006,0.8878322
Senegal,SEN,2007,0.3459047
Senegal,SEN,2008,0.8422519
Senegal,SEN,2009,0.41000316
Senegal,SEN,2010,0.47884586
Senegal,SEN,2011,0.69898146
Senegal,SEN,2012,0.3778764
Senegal,SEN,2013,0.44132018
Senegal,SEN,2014,0.93054456
Senegal,SEN,2015,0.53635395
Senegal,SEN,2016,0.6101134
Senegal,SEN,2017,0.7256993
Seychelles,SYC,1995,80.264336
Seychelles,SYC,1996,145.56041
Seychelles,SYC,1997,78.376045
Seychelles,SYC,1998,77.23698
Seychelles,SYC,1999,63.41315
Seychelles,SYC,2000,124.88604
Seychelles,SYC,2001,98.42762
Seychelles,SYC,2002,36.38657
Seychelles,SYC,2003,59.799313
Seychelles,SYC,2004,59.00889
Seychelles,SYC,2005,69.84297
Seychelles,SYC,2006,114.797386
Seychelles,SYC,2007,113.20029
Seychelles,SYC,2008,156.14543
Seychelles,SYC,2009,219.66917
Seychelles,SYC,2010,173.1152
Seychelles,SYC,2011,170.49934
Seychelles,SYC,2012,83.9287
Seychelles,SYC,2013,72.36638
Seychelles,SYC,2014,61.214497
Seychelles,SYC,2015,201.49103
Seychelles,SYC,2016,298.4451
Seychelles,SYC,2017,314.2554
Seychelles,SYC,2018,416.98993
Seychelles,SYC,2019,421.51245
Seychelles,SYC,2020,185.70277
Sierra Leone,SLE,2012,2.2095885
Sierra Leone,SLE,2013,2.0100887
Sierra Leone,SLE,2014,1.2603806
Sierra Leone,SLE,2015,0.9569667
Sierra Leone,SLE,2016,0.6672077
Sierra Leone,SLE,2017,1.0419964
Sierra Leone,SLE,2018,1.1448507
Sierra Leone,SLE,2019,0.9941803
Sierra Leone,SLE,2020,0.24289611
Sierra Leone,SLE,2021,0.47502315
Singapore,SGP,1995,301.0826
Singapore,SGP,1996,340.64413
Singapore,SGP,1997,346.74866
Singapore,SGP,1998,289.68295
Singapore,SGP,1999,341.36017
Singapore,SGP,2000,401.8648
Singapore,SGP,2001,403.99472
Singapore,SGP,2002,409.88327
Singapore,SGP,2003,336.9284
Singapore,SGP,2004,415.8854
Singapore,SGP,2005,429.0339
Singapore,SGP,2006,482.1043
Singapore,SGP,2007,499.22137
Singapore,SGP,2008,483.2172
Singapore,SGP,2009,437.86237
Singapore,SGP,2010,480.48013
Singapore,SGP,2011,526.5698
Singapore,SGP,2012,631.4808
Singapore,SGP,2013,669.76227
Singapore,SGP,2014,580.0192
Singapore,SGP,2015,562.8299
Singapore,SGP,2016,611.0012
Singapore,SGP,2017,610.8087
Singapore,SGP,2018,659.5531
Singapore,SGP,2019,681.33685
Singapore,SGP,2020,111.16988
Singapore,SGP,2021,0.84160024
Sint Maarten (Dutch part),SXM,1995,17837.377
Sint Maarten (Dutch part),SXM,1996,20901.6
Sint Maarten (Dutch part),SXM,1997,28386.518
Sint Maarten (Dutch part),SXM,1998,28436.783
Sint Maarten (Dutch part),SXM,1999,20039.69
Sint Maarten (Dutch part),SXM,2000,28446.89
Sint Maarten (Dutch part),SXM,2001,28530.107
Sint Maarten (Dutch part),SXM,2002,34478.25
Sint Maarten (Dutch part),SXM,2003,37932.484
Sint Maarten (Dutch part),SXM,2004,43192.668
Sint Maarten (Dutch part),SXM,2005,47209.62
Sint Maarten (Dutch part),SXM,2006,44669.223
Sint Maarten (Dutch part),SXM,2007,44220.543
Sint Maarten (Dutch part),SXM,2008,41445.992
Sint Maarten (Dutch part),SXM,2009,37061.89
Sint Maarten (Dutch part),SXM,2010,45770.812
Sint Maarten (Dutch part),SXM,2011,49676.027
Sint Maarten (Dutch part),SXM,2012,49849.285
Sint Maarten (Dutch part),SXM,2013,47346.375
Sint Maarten (Dutch part),SXM,2014,51170.637
Sint Maarten (Dutch part),SXM,2015,47280.5
Sint Maarten (Dutch part),SXM,2016,40348.12
Sint Maarten (Dutch part),SXM,2017,29545.834
Sint Maarten (Dutch part),SXM,2018,37782.72
Sint Maarten (Dutch part),SXM,2019,37951.723
Sint Maarten (Dutch part),SXM,2020,9991.292
Sint Maarten (Dutch part),SXM,2021,5288.123
Slovakia,SVK,2013,1531.3744
Slovakia,SVK,2014,1394.5751
Slovakia,SVK,2015,1855.8567
Slovakia,SVK,2016,2143.539
Slovakia,SVK,2017,1812.694
Slovakia,SVK,2018,1807.6848
Slovakia,SVK,2019,1917.1489
Solomon Islands,SLB,2005,2.4870672
Solomon Islands,SLB,2006,2.4319165
Solomon Islands,SLB,2007,2.7743428
South Africa,ZAF,2009,49.246857
South Africa,ZAF,2010,62.35405
South Africa,ZAF,2011,71.65832
South Africa,ZAF,2012,73.02657
South Africa,ZAF,2013,88.74475
South Africa,ZAF,2014,90.99288
South Africa,ZAF,2015,90.34209
South Africa,ZAF,2016,89.9822
South Africa,ZAF,2017,82.8019
South Africa,ZAF,2018,79.03783
South Africa,ZAF,2019,78.65779
South Africa,ZAF,2020,18.43477
South Africa,ZAF,2021,6.8695827
South Korea,KOR,2013,13.952589
South Korea,KOR,2014,18.88918
South Korea,KOR,2015,20.512058
South Korea,KOR,2016,44.00703
South Korea,KOR,2017,9.80361
South Korea,KOR,2018,4.218519
South Korea,KOR,2019,5.385702
South Korea,KOR,2020,0.05786514
South Korea,KOR,2021,0
Spain,ESP,1995,489.4942
Spain,ESP,1996,526.2964
Spain,ESP,1997,568.9889
Spain,ESP,1998,648.5251
Spain,ESP,1999,656.0813
Spain,ESP,2000,691.6018
Spain,ESP,2001,659.0271
Spain,ESP,2002,698.76184
Spain,ESP,2003,745.24744
Spain,ESP,2004,780.9883
Spain,ESP,2005,838.9307
Spain,ESP,2006,858.74774
Spain,ESP,2007,889.3867
Spain,ESP,2008,880.597
Spain,ESP,2009,856.6726
Spain,ESP,2010,881.78125
Spain,ESP,2011,920.4089
Spain,ESP,2012,869.705
Spain,ESP,2013,913.12964
Spain,ESP,2014,908.34845
Spain,ESP,2015,897.21716
Spain,ESP,2016,866.00226
Spain,ESP,2017,855.4194
Spain,ESP,2018,890.0445
Spain,ESP,2019,905.1508
Spain,ESP,2020,368.9948
Spain,ESP,2021,430.6448
Sri Lanka,LKA,1995,0.6051414
Sri Lanka,LKA,1996,0.70951
Sri Lanka,LKA,1997,0.9756563
Sri Lanka,LKA,1998,1.5085552
Sri Lanka,LKA,1999,1.4996995
Sri Lanka,LKA,2000,2.3966289
Sri Lanka,LKA,2001,3.1712008
Sri Lanka,LKA,2002,3.3489082
Sri Lanka,LKA,2003,4.2480044
Sri Lanka,LKA,2004,5.9003305
Sri Lanka,LKA,2005,6.099462
Sri Lanka,LKA,2006,6.4919686
Sri Lanka,LKA,2007,4.880806
Sri Lanka,LKA,2008,4.338044
Sri Lanka,LKA,2009,4.393998
Sri Lanka,LKA,2010,5.4188595
Sri Lanka,LKA,2011,5.7527065
Sri Lanka,LKA,2012,6.042684
Sri Lanka,LKA,2013,6.625098
Sri Lanka,LKA,2014,6.497344
Sri Lanka,LKA,2015,9.139186
Sri Lanka,LKA,2016,5.4607844
Sri Lanka,LKA,2017,6.109691
Sri Lanka,LKA,2018,8.665145
Sri Lanka,LKA,2019,5.2194805
Sri Lanka,LKA,2020,1.4736305
Sri Lanka,LKA,2021,0.027556513
Suriname,SUR,1995,59.83931
Suriname,SUR,1996,47.314346
Suriname,SUR,1997,37.536293
Suriname,SUR,1998,32.48483
Suriname,SUR,1999,31.883078
Suriname,SUR,2000,31.314522
Suriname,SUR,2001,28.723722
Suriname,SUR,2003,33.744488
Suriname,SUR,2006,0.5746741
Suriname,SUR,2007,0.757636
Suriname,SUR,2008,0.56186193
Suriname,SUR,2009,0.5555597
Suriname,SUR,2010,0.91560835
Suriname,SUR,2011,0.5433267
Suriname,SUR,2012,0.5375275
Suriname,SUR,2013,1.2412404
Suriname,SUR,2014,1.40428
Suriname,SUR,2015,1.3901488
Suriname,SUR,2016,1.5478226
Suriname,SUR,2017,1.5317428
Sweden,SWE,2011,827.895
Sweden,SWE,2012,799.3944
Sweden,SWE,2013,810.76306
Sweden,SWE,2014,966.70874
Syria,SYR,1995,0.6986435
Syria,SYR,1996,0.6118752
Syria,SYR,1997,0.6620763
Syria,SYR,1998,0.70965195
Syria,SYR,1999,81.50325
Syria,SYR,2000,80.452995
Syria,SYR,2001,88.4149
Syria,SYR,2002,117.51322
Syria,SYR,2003,127.13388
Syria,SYR,2004,162.29808
Syria,SYR,2005,123.1196
Syria,SYR,2006,74.6706
Syria,SYR,2007,61.63358
Syria,SYR,2008,70.82964
Syria,SYR,2009,74.63158
Syria,SYR,2010,108.516785
Syria,SYR,2011,61.85458
Tajikistan,TJK,1999,0.46853036
Tajikistan,TJK,2000,0.621712
Tajikistan,TJK,2001,0.26525974
Tanzania,TZA,1995,0.32722437
Tanzania,TZA,1996,0.35323513
Tanzania,TZA,1997,0.408987
Tanzania,TZA,1998,0.9807978
Tanzania,TZA,1999,1.8806096
Tanzania,TZA,2000,1.2186735
Tanzania,TZA,2001,0.6776892
Tanzania,TZA,2002,0.68769115
Tanzania,TZA,2003,0.6428471
Tanzania,TZA,2004,0.44315976
Tanzania,TZA,2005,0.58317155
Tanzania,TZA,2006,0.54237884
Tanzania,TZA,2007,0.6472259
Tanzania,TZA,2008,0.46651703
Tanzania,TZA,2009,0.43223137
Tanzania,TZA,2010,0.6428654
Tanzania,TZA,2011,0.538607
Tanzania,TZA,2012,0.71150345
Tanzania,TZA,2013,0.67000115
Tanzania,TZA,2014,0.5313439
Tanzania,TZA,2015,0.62805915
Tanzania,TZA,2016,0.9374689
Tanzania,TZA,2017,0.9241645
Tanzania,TZA,2018,2.2034605
Tanzania,TZA,2019,1.4029794
Tanzania,TZA,2020,0.4699818
Tanzania,TZA,2021,1.640238
Thailand,THA,1996,3.138956
Thailand,THA,1997,3.8695436
Thailand,THA,1998,5.8466067
Thailand,THA,1999,8.007347
Thailand,THA,2000,8.197682
Thailand,THA,2001,9.709365
Togo,TGO,2013,0.28144288
Togo,TGO,2014,0.11799603
Togo,TGO,2015,0.13381091
Togo,TGO,2016,0.13052511
Togo,TGO,2017,0.12734313
Tonga,TON,1995,40.002
Tonga,TON,1996,39.916573
Tonga,TON,1997,29.800337
Tonga,TON,1998,78.9266
Tonga,TON,1999,127.45723
Tonga,TON,2000,77.95751
Tonga,TON,2001,58.12602
Tonga,TON,2002,77.05496
Tonga,TON,2003,105.33775
Tonga,TON,2004,95.18914
Tonga,TON,2005,170.38354
Tonga,TON,2006,141.24028
Tonga,TON,2007,178.15117
Tonga,TON,2008,140.25902
Tonga,TON,2009,270.6259
Tonga,TON,2010,166.66512
Tonga,TON,2011,208.13008
Tonga,TON,2012,91.14838
Tonga,TON,2013,107.37127
Tonga,TON,2014,144.41246
Tonga,TON,2015,177.12456
Tonga,TON,2016,260.11862
Tonga,TON,2017,228.58769
Tonga,TON,2018,221.55238
Tonga,TON,2019,254.3705
Tonga,TON,2020,23.749584
Trinidad and Tobago,TTO,1995,16.821745
Trinidad and Tobago,TTO,1996,38.829273
Trinidad and Tobago,TTO,1997,27.310404
Trinidad and Tobago,TTO,1998,32.51216
Trinidad and Tobago,TTO,1999,47.47311
Trinidad and Tobago,TTO,2000,78.06618
Trinidad and Tobago,TTO,2001,63.500317
Trinidad and Tobago,TTO,2002,49.77823
Trinidad and Tobago,TTO,2003,48.021797
Trinidad and Tobago,TTO,2004,42.61009
Trinidad and Tobago,TTO,2005,48.207626
Trinidad and Tobago,TTO,2006,53.016415
Trinidad and Tobago,TTO,2007,59.21172
Trinidad and Tobago,TTO,2008,32.308834
Trinidad and Tobago,TTO,2009,82.072685
Trinidad and Tobago,TTO,2010,72.32519
Trinidad and Tobago,TTO,2011,42.252895
Trinidad and Tobago,TTO,2012,34.256657
Trinidad and Tobago,TTO,2013,22.905039
Trinidad and Tobago,TTO,2014,29.641619
Trinidad and Tobago,TTO,2015,54.10292
Trinidad and Tobago,TTO,2016,56.48818
Trinidad and Tobago,TTO,2017,47.341568
Trinidad and Tobago,TTO,2018,83.737236
Trinidad and Tobago,TTO,2019,59.869995
Trinidad and Tobago,TTO,2020,30.036716
Tunisia,TUN,1995,7.1012745
Tunisia,TUN,1996,10.709871
Tunisia,TUN,1997,13.496608
Tunisia,TUN,1998,11.676995
Tunisia,TUN,1999,17.16376
Tunisia,TUN,2000,18.800552
Tunisia,TUN,2001,27.61349
Tunisia,TUN,2002,25.55831
Tunisia,TUN,2003,37.08137
Tunisia,TUN,2004,40.904644
Tunisia,TUN,2005,57.468227
Tunisia,TUN,2006,59.71254
Tunisia,TUN,2007,70.885796
Tunisia,TUN,2008,65.54073
Tunisia,TUN,2009,65.835236
Tunisia,TUN,2010,74.52917
Tunisia,TUN,2011,26.467186
Turkey,TUR,1995,10.859028
Turkey,TUR,1996,10.747376
Turkey,TUR,1997,10.591177
Turkey,TUR,1998,12.740552
Turkey,TUR,1999,9.400873
Turkey,TUR,2000,13.13295
Turkey,TUR,2001,12.847304
Turkey,TUR,2002,7.061819
Turkey,TUR,2003,10.303987
Turkey,TUR,2004,10.193984
Turkey,TUR,2005,12.400896
Turkey,TUR,2006,12.97389
Turkey,TUR,2007,15.510396
Turkey,TUR,2008,18.872494
Turkey,TUR,2009,21.778967
Turkey,TUR,2010,22.31016
Turkey,TUR,2011,28.51409
Turkey,TUR,2012,26.794216
Turkey,TUR,2013,26.97969
Turkey,TUR,2014,23.24865
Turkey,TUR,2015,20.540848
Turkey,TUR,2016,7.627803
Turkey,TUR,2017,4.495076
Turkey,TUR,2018,4.1661987
Turkey,TUR,2019,6.6481647
Turkey,TUR,2020,0.9151911
Turkey,TUR,2021,1.3447295
Turkmenistan,TKM,1995,3.548931
Turkmenistan,TKM,1996,15.112441
Turkmenistan,TKM,1997,17.187336
Turkmenistan,TKM,1998,18.052485
Turks and Caicos Islands,TCA,2008,14754.099
Turks and Caicos Islands,TCA,2009,17971.4
Turks and Caicos Islands,TCA,2010,20772.41
Turks and Caicos Islands,TCA,2011,21258.105
Turks and Caicos Islands,TCA,2012,21074.6
Turks and Caicos Islands,TCA,2013,23170.732
Turks and Caicos Islands,TCA,2014,27760.324
Turks and Caicos Islands,TCA,2015,25440.42
Turks and Caicos Islands,TCA,2016,22133.953
Turks and Caicos Islands,TCA,2017,20745.014
Turks and Caicos Islands,TCA,2018,24617.016
Turks and Caicos Islands,TCA,2019,25798.07
Turks and Caicos Islands,TCA,2020,4648.1704
Turks and Caicos Islands,TCA,2021,598.12585
Ukraine,UKR,1995,47.217785
Ukraine,UKR,1996,57.214993
Ukraine,UKR,1997,143.21492
Ukraine,UKR,1998,116.49209
Ukraine,UKR,1999,137.0232
Ukraine,UKR,2000,107.61102
Ukraine,UKR,2001,55.83034
Ukraine,UKR,2002,47.439854
Ukraine,UKR,2003,55.60265
Ukraine,UKR,2004,62.502697
Ukraine,UKR,2005,60.92178
Ukraine,UKR,2006,59.623264
Ukraine,UKR,2007,65.64023
Ukraine,UKR,2008,73.33445
Ukraine,UKR,2009,70.534805
Ukraine,UKR,2010,63.721703
Ukraine,UKR,2011,68.54712
Ukraine,UKR,2012,45.103943
Ukraine,UKR,2013,29.884937
Ukraine,UKR,2014,11.429059
Ukraine,UKR,2015,13.271808
Ukraine,UKR,2016,8.944191
Ukraine,UKR,2017,7.8150787
Ukraine,UKR,2018,5.3546977
Ukraine,UKR,2019,6.17492
Ukraine,UKR,2020,5.488541
Ukraine,UKR,2021,6.8686013
United Arab Emirates,ARE,2015,277.11395
United Arab Emirates,ARE,2016,305.86154
United Arab Emirates,ARE,2017,290.7933
United Arab Emirates,ARE,2018,314.87372
United Arab Emirates,ARE,2019,403.94458
United Arab Emirates,ARE,2020,98.952484
United Arab Emirates,ARE,2021,139.34642
United Kingdom,GBR,1995,31.382505
United Kingdom,GBR,1996,38.344597
United Kingdom,GBR,1997,39.484848
United Kingdom,GBR,1998,34.82304
United Kingdom,GBR,1999,35.013096
United Kingdom,GBR,2000,33.933704
United Kingdom,GBR,2001,31.357874
United Kingdom,GBR,2002,31.555527
United Kingdom,GBR,2003,32.321987
United Kingdom,GBR,2004,34.61906
United Kingdom,GBR,2005,31.978807
United Kingdom,GBR,2006,33.86307
United Kingdom,GBR,2007,31.14559
United Kingdom,GBR,2008,28.278898
United Kingdom,GBR,2009,27.55313
United Kingdom,GBR,2010,23.693417
United Kingdom,GBR,2011,23.733393
United Kingdom,GBR,2012,28.366026
United Kingdom,GBR,2013,25.209053
United Kingdom,GBR,2014,26.754766
United Kingdom,GBR,2015,25.189972
United Kingdom,GBR,2016,26.97425
United Kingdom,GBR,2017,23.28017
United Kingdom,GBR,2018,24.37042
United Kingdom,GBR,2019,21.5488
United Kingdom,GBR,2020,5.770997
United Kingdom,GBR,2021,1.4417137
United States,USA,1995,137.06966
United States,USA,1996,134.8294
United States,USA,1997,127.601265
United States,USA,1998,102.92384
United States,USA,1999,97.09452
United States,USA,2000,95.98137
United States,USA,2001,84.239876
United States,USA,2002,72.318306
United States,USA,2003,71.67055
United States,USA,2004,73.21026
United States,USA,2005,75.04986
United States,USA,2006,441.033
United States,USA,2007,393.61386
United States,USA,2008,385.01132
United States,USA,2009,341.65604
United States,USA,2010,328.63315
United States,USA,2011,266.96478
United States,USA,2012,330.53076
United States,USA,2013,337.11765
United States,USA,2014,319.6309
United States,USA,2015,305.2638
United States,USA,2016,302.1116
United States,USA,2017,294.44385
United States,USA,2018,269.7025
United States,USA,2019,257.3465
United States,USA,2020,76.1441
United States,USA,2021,132.02852
United States Virgin Islands,VIR,1995,12438.628
United States Virgin Islands,VIR,1996,13435.518
United States Virgin Islands,VIR,1997,16398.71
United States Virgin Islands,VIR,1998,16064.8955
United States Virgin Islands,VIR,1999,13733.054
United States Virgin Islands,VIR,2000,17098.125
United States Virgin Islands,VIR,2001,18237.533
United States Virgin Islands,VIR,2002,16864.361
United States Virgin Islands,VIR,2003,17306.133
United States Virgin Islands,VIR,2004,19267.877
United States Virgin Islands,VIR,2005,18864.027
United States Virgin Islands,VIR,2006,18773.879
United States Virgin Islands,VIR,2007,18953.475
United States Virgin Islands,VIR,2008,17475.326
United States Virgin Islands,VIR,2009,15796.987
United States Virgin Islands,VIR,2010,18454.32
United States Virgin Islands,VIR,2011,20087.021
United States Virgin Islands,VIR,2012,19288.031
United States Virgin Islands,VIR,2013,20284.424
United States Virgin Islands,VIR,2014,21268.365
United States Virgin Islands,VIR,2015,19463.467
United States Virgin Islands,VIR,2016,18626.014
United States Virgin Islands,VIR,2017,13930.886
United States Virgin Islands,VIR,2018,15200.687
United States Virgin Islands,VIR,2019,15470.512
United States Virgin Islands,VIR,2020,5559.8696
United States Virgin Islands,VIR,2021,3872.128
Uruguay,URY,1995,48.312115
Uruguay,URY,1996,32.851562
Uruguay,URY,1997,45.29954
Uruguay,URY,1998,49.345997
Uruguay,URY,1999,60.994858
Uruguay,URY,2000,81.40386
Uruguay,URY,2001,74.22133
Uruguay,URY,2002,28.731756
Uruguay,URY,2003,26.584465
Uruguay,URY,2004,34.70332
Uruguay,URY,2005,32.854424
Uruguay,URY,2006,22.574844
Uruguay,URY,2007,18.626186
Uruguay,URY,2008,95.02025
Uruguay,URY,2009,74.15911
Uruguay,URY,2010,105.88629
Uruguay,URY,2011,115.12269
Uruguay,URY,2012,136.4526
Uruguay,URY,2013,165.32655
Uruguay,URY,2014,151.25337
Uruguay,URY,2015,150.75731
Uruguay,URY,2016,174.2942
Uruguay,URY,2017,159.25404
Uruguay,URY,2018,141.52138
Uruguay,URY,2019,122.79738
Vanuatu,VUT,1995,222.71323
Vanuatu,VUT,1996,326.22693
Vanuatu,VUT,1997,173.3015
Vanuatu,VUT,1998,141.99736
Vanuatu,VUT,1999,240.06401
Vanuatu,VUT,2000,249.88676
Vanuatu,VUT,2001,268.97684
Vanuatu,VUT,2002,247.3521
Vanuatu,VUT,2003,250.87566
Vanuatu,VUT,2004,178.8816
Vanuatu,VUT,2005,294.06088
Vanuatu,VUT,2006,385.7644
Vanuatu,VUT,2007,376.6
Vanuatu,VUT,2008,453.48276
Vanuatu,VUT,2009,520.6508
Vanuatu,VUT,2010,572.3854
Vanuatu,VUT,2011,616.3727
Vanuatu,VUT,2012,827.73413
Vanuatu,VUT,2013,937.21423
Vanuatu,VUT,2014,814.98987
Vanuatu,VUT,2015,712.60626
Vanuatu,VUT,2016,905.5251
Vanuatu,VUT,2017,770.37036
Vanuatu,VUT,2018,789.0833
Vanuatu,VUT,2019,444.789
Vanuatu,VUT,2020,193.7798
Venezuela,VEN,1995,8.096877
Venezuela,VEN,1996,8.904793
Venezuela,VEN,1997,5.1654778
Venezuela,VEN,1998,5.4459243
Venezuela,VEN,1999,4.7982717
Venezuela,VEN,2000,5.4446316
Venezuela,VEN,2001,8.360058
Venezuela,VEN,2002,6.237435
Venezuela,VEN,2003,3.801097
Venezuela,VEN,2004,5.0329947
Venezuela,VEN,2005,5.249582
Venezuela,VEN,2006,4.981167
Venezuela,VEN,2007,5.1589284
Venezuela,VEN,2008,0.10739663
Venezuela,VEN,2009,0.17650446
Venezuela,VEN,2010,0.31342477
Venezuela,VEN,2011,1.0310639
Venezuela,VEN,2012,2.4770594
Venezuela,VEN,2013,3.3179142
Venezuela,VEN,2014,3.6431973
Venezuela,VEN,2015,3.0462117
Venezuela,VEN,2016,2.6023483
Venezuela,VEN,2017,0.06543768
Vietnam,VNM,1996,8.432687
Vietnam,VNM,1997,7.91495
Vietnam,VNM,1998,7.0272408
Vietnam,VNM,1999,7.3089204
Vietnam,VNM,2000,9.58214
Vietnam,VNM,2001,9.158361
Vietnam,VNM,2002,3.8317358
Vietnam,VNM,2003,2.957933
Vietnam,VNM,2004,3.1951897
Vietnam,VNM,2005,2.4055202
Vietnam,VNM,2006,2.6681976
Vietnam,VNM,2007,2.6544828
Vietnam,VNM,2008,1.7757584
Vietnam,VNM,2009,0.7631565
Vietnam,VNM,2010,0.5720103
Vietnam,VNM,2011,0.5206618
Vietnam,VNM,2013,4.109996
Vietnam,VNM,2014,4.230809
Vietnam,VNM,2015,4.2194824
Yemen,YEM,2010,0.40413928
Yemen,YEM,2011,13.581619
Yemen,YEM,2012,15.558629
Yemen,YEM,2013,12.340643
Yemen,YEM,2014,7.2063475
Yemen,YEM,2015,1.1151419
Zimbabwe,ZWE,1995,4.820792
Zimbabwe,ZWE,1996,1.7892015
Zimbabwe,ZWE,1997,4.840524
Zimbabwe,ZWE,1998,9.005604
Zimbabwe,ZWE,1999,12.71716
Zimbabwe,ZWE,2000,8.365246
Zimbabwe,ZWE,2001,12.509465